_nid_17	AND3x1_ASAP7_75t_R
_nid_18	INVx1_ASAP7_75t_R
_nid_44	INVx1_ASAP7_75t_R
_nid_46	INVx1_ASAP7_75t_R
_nid_50	INVx1_ASAP7_75t_R
_nid_53	AND3x1_ASAP7_75t_R
_nid_54	INVx1_ASAP7_75t_R
_nid_55	OAI21x1_ASAP7_75t_R
_nid_56	INVx1_ASAP7_75t_R
_nid_57	AND3x1_ASAP7_75t_R
_nid_59	OA21x2_ASAP7_75t_R
_nid_60	INVx1_ASAP7_75t_R
_nid_61	OR3x1_ASAP7_75t_R
_nid_62	OA21x2_ASAP7_75t_R
_nid_63	AO21x1_ASAP7_75t_R
_nid_65	OR3x1_ASAP7_75t_R
_nid_66	NOR2x1_ASAP7_75t_R
_nid_67	AND4x2_ASAP7_75t_R
_nid_68	INVx1_ASAP7_75t_R
_nid_70	NAND2x1_ASAP7_75t_R
_nid_71	OA211x2_ASAP7_75t_R
_nid_72	INVx1_ASAP7_75t_R
_nid_74	INVx1_ASAP7_75t_R
_nid_75	AO21x1_ASAP7_75t_R
_nid_77	OA211x2_ASAP7_75t_R
_nid_79	NOR2x1_ASAP7_75t_R
_nid_81	AO21x1_ASAP7_75t_R
_nid_82	NAND2x1_ASAP7_75t_R
_nid_83	INVx1_ASAP7_75t_R
_nid_84	AOI21x1_ASAP7_75t_R
_nid_86	NOR2x1_ASAP7_75t_R
_nid_88	INVx1_ASAP7_75t_R
_nid_89	OR3x1_ASAP7_75t_R
_nid_90	NAND2x1_ASAP7_75t_R
_nid_91	AOI21x1_ASAP7_75t_R
_nid_93	XOR2x2_ASAP7_75t_R
_nid_94	AO32x1_ASAP7_75t_R
_nid_95	AND2x2_ASAP7_75t_R
_nid_100	AND3x1_ASAP7_75t_R
_nid_101	OA21x2_ASAP7_75t_R
_nid_104	INVx1_ASAP7_75t_R
_nid_106	INVx1_ASAP7_75t_R
_nid_108	INVx1_ASAP7_75t_R
_nid_110	INVx1_ASAP7_75t_R
_nid_112	INVx1_ASAP7_75t_R
_nid_114	AND4x2_ASAP7_75t_R
_nid_115	INVx1_ASAP7_75t_R
_nid_117	NAND2x1_ASAP7_75t_R
_nid_118	OA211x2_ASAP7_75t_R
_nid_119	INVx1_ASAP7_75t_R
_nid_122	INVx1_ASAP7_75t_R
_nid_125	AND3x1_ASAP7_75t_R
_nid_126	INVx1_ASAP7_75t_R
_nid_128	AND5x1_ASAP7_75t_R
_nid_132	AO21x1_ASAP7_75t_R
_nid_133	OA211x2_ASAP7_75t_R
_nid_137	AO21x1_ASAP7_75t_R
_nid_138	OA211x2_ASAP7_75t_R
_nid_142	AO21x1_ASAP7_75t_R
_nid_143	OA211x2_ASAP7_75t_R
_nid_147	AO21x1_ASAP7_75t_R
_nid_148	OA211x2_ASAP7_75t_R
_nid_152	AO21x1_ASAP7_75t_R
_nid_153	OA211x2_ASAP7_75t_R
_nid_157	AO21x1_ASAP7_75t_R
_nid_158	OA211x2_ASAP7_75t_R
_nid_162	AO21x1_ASAP7_75t_R
_nid_163	OA211x2_ASAP7_75t_R
_nid_165	OA21x2_ASAP7_75t_R
_nid_169	INVx1_ASAP7_75t_R
_nid_170	NAND2x1_ASAP7_75t_R
_nid_172	OR5x1_ASAP7_75t_R
_nid_173	INVx1_ASAP7_75t_R
_nid_174	AND3x1_ASAP7_75t_R
_nid_176	INVx1_ASAP7_75t_R
_nid_177	AND3x1_ASAP7_75t_R
_nid_178	AO32x1_ASAP7_75t_R
_nid_179	AND4x2_ASAP7_75t_R
_nid_180	AND4x2_ASAP7_75t_R
_nid_181	OR5x1_ASAP7_75t_R
_nid_182	AND2x2_ASAP7_75t_R
_nid_186	XOR2x2_ASAP7_75t_R
_nid_187	NAND2x1_ASAP7_75t_R
_nid_190	INVx1_ASAP7_75t_R
_nid_191	NAND2x1_ASAP7_75t_R
_nid_192	AO21x1_ASAP7_75t_R
_nid_193	OA211x2_ASAP7_75t_R
_nid_194	INVx1_ASAP7_75t_R
_nid_196	AND4x2_ASAP7_75t_R
_nid_197	OA211x2_ASAP7_75t_R
_nid_198	OA21x2_ASAP7_75t_R
_nid_200	NOR2x1_ASAP7_75t_R
_nid_202	INVx1_ASAP7_75t_R
_nid_204	AND3x1_ASAP7_75t_R
_nid_205	NAND2x1_ASAP7_75t_R
_nid_206	OA21x2_ASAP7_75t_R
_nid_207	NOR2x1_ASAP7_75t_R
_nid_209	OA21x2_ASAP7_75t_R
_nid_210	NOR2x1_ASAP7_75t_R
_nid_212	AO21x1_ASAP7_75t_R
_nid_216	INVx1_ASAP7_75t_R
_nid_218	AND3x1_ASAP7_75t_R
_nid_221	AND3x1_ASAP7_75t_R
_nid_222	NAND2x1_ASAP7_75t_R
_nid_223	INVx1_ASAP7_75t_R
_nid_224	AND3x1_ASAP7_75t_R
_nid_225	INVx1_ASAP7_75t_R
_nid_226	OR3x1_ASAP7_75t_R
_nid_227	INVx1_ASAP7_75t_R
_nid_228	OA211x2_ASAP7_75t_R
_nid_231	NAND2x1_ASAP7_75t_R
_nid_232	OA211x2_ASAP7_75t_R
_nid_234	INVx1_ASAP7_75t_R
_nid_235	OA211x2_ASAP7_75t_R
_nid_237	INVx1_ASAP7_75t_R
_nid_238	AO32x1_ASAP7_75t_R
_nid_239	OA21x2_ASAP7_75t_R
_nid_241	INVx1_ASAP7_75t_R
_nid_242	OA211x2_ASAP7_75t_R
_nid_243	OA21x2_ASAP7_75t_R
_nid_244	INVx1_ASAP7_75t_R
_nid_245	AND5x1_ASAP7_75t_R
_nid_246	AND2x2_ASAP7_75t_R
_nid_247	OA21x2_ASAP7_75t_R
_nid_249	AO21x1_ASAP7_75t_R
_nid_250	OA211x2_ASAP7_75t_R
_nid_253	INVx1_ASAP7_75t_R
_nid_256	AND3x1_ASAP7_75t_R
_nid_257	INVx1_ASAP7_75t_R
_nid_259	INVx1_ASAP7_75t_R
_nid_260	AND3x1_ASAP7_75t_R
_nid_261	INVx1_ASAP7_75t_R
_nid_263	AND3x1_ASAP7_75t_R
_nid_265	AND3x1_ASAP7_75t_R
_nid_267	OR5x1_ASAP7_75t_R
_nid_269	AND3x1_ASAP7_75t_R
_nid_271	INVx1_ASAP7_75t_R
_nid_272	AND3x1_ASAP7_75t_R
_nid_274	INVx1_ASAP7_75t_R
_nid_275	AND3x1_ASAP7_75t_R
_nid_276	INVx1_ASAP7_75t_R
_nid_278	AND3x1_ASAP7_75t_R
_nid_279	OR5x1_ASAP7_75t_R
_nid_281	AND3x1_ASAP7_75t_R
_nid_283	OA211x2_ASAP7_75t_R
_nid_286	INVx1_ASAP7_75t_R
_nid_289	AND3x1_ASAP7_75t_R
_nid_290	NOR2x1_ASAP7_75t_R
_nid_291	AND3x1_ASAP7_75t_R
_nid_292	OR3x1_ASAP7_75t_R
_nid_293	OR3x1_ASAP7_75t_R
_nid_294	AND2x2_ASAP7_75t_R
_nid_295	OA211x2_ASAP7_75t_R
_nid_299	INVx1_ASAP7_75t_R
_nid_300	NAND2x1_ASAP7_75t_R
_nid_301	AOI21x1_ASAP7_75t_R
_nid_303	AO21x1_ASAP7_75t_R
_nid_304	OA211x2_ASAP7_75t_R
_nid_306	NAND2x1_ASAP7_75t_R
_nid_307	OA211x2_ASAP7_75t_R
_nid_309	INVx1_ASAP7_75t_R
_nid_310	INVx1_ASAP7_75t_R
_nid_311	OA211x2_ASAP7_75t_R
_nid_313	AND3x1_ASAP7_75t_R
_nid_314	OA21x2_ASAP7_75t_R
_nid_315	AND2x2_ASAP7_75t_R
_nid_318	AND2x2_ASAP7_75t_R
_nid_319	INVx1_ASAP7_75t_R
_nid_320	OA21x2_ASAP7_75t_R
_nid_321	AO32x1_ASAP7_75t_R
_nid_322	AND2x2_ASAP7_75t_R
_nid_324	XOR2x2_ASAP7_75t_R
_nid_325	AO32x1_ASAP7_75t_R
_nid_326	AND2x2_ASAP7_75t_R
_nid_328	AND3x1_ASAP7_75t_R
_nid_330	OA211x2_ASAP7_75t_R
_nid_332	INVx1_ASAP7_75t_R
_nid_333	INVx1_ASAP7_75t_R
_nid_334	OA211x2_ASAP7_75t_R
_nid_336	AO21x1_ASAP7_75t_R
_nid_337	OA211x2_ASAP7_75t_R
_nid_339	AND2x2_ASAP7_75t_R
_nid_341	NAND2x1_ASAP7_75t_R
_nid_345	AO21x1_ASAP7_75t_R
_nid_346	AND2x2_ASAP7_75t_R
_nid_348	OA211x2_ASAP7_75t_R
_nid_351	INVx1_ASAP7_75t_R
_nid_353	OA211x2_ASAP7_75t_R
_nid_354	AO21x1_ASAP7_75t_R
_nid_355	AO21x1_ASAP7_75t_R
_nid_358	XOR2x2_ASAP7_75t_R
_nid_359	NOR2x1_ASAP7_75t_R
_nid_360	AO21x1_ASAP7_75t_R
_nid_361	OA21x2_ASAP7_75t_R
_nid_364	AO32x1_ASAP7_75t_R
_nid_365	AND2x2_ASAP7_75t_R
_nid_367	INVx1_ASAP7_75t_R
_nid_368	AO21x1_ASAP7_75t_R
_nid_369	AND3x1_ASAP7_75t_R
_nid_371	INVx1_ASAP7_75t_R
_nid_372	AO21x1_ASAP7_75t_R
_nid_373	OA21x2_ASAP7_75t_R
_nid_374	AO21x1_ASAP7_75t_R
_nid_375	OA211x2_ASAP7_75t_R
_nid_378	AO21x1_ASAP7_75t_R
_nid_379	OA21x2_ASAP7_75t_R
_nid_380	NOR2x1_ASAP7_75t_R
_nid_383	INVx1_ASAP7_75t_R
_nid_385	INVx1_ASAP7_75t_R
_nid_386	NAND2x1_ASAP7_75t_R
_nid_387	INVx1_ASAP7_75t_R
_nid_388	AO221x2_ASAP7_75t_R
_nid_392	INVx1_ASAP7_75t_R
_nid_393	AO21x1_ASAP7_75t_R
_nid_397	INVx1_ASAP7_75t_R
_nid_398	AO21x1_ASAP7_75t_R
_nid_400	INVx1_ASAP7_75t_R
_nid_401	AND4x2_ASAP7_75t_R
_nid_403	INVx1_ASAP7_75t_R
_nid_404	INVx1_ASAP7_75t_R
_nid_405	AO21x1_ASAP7_75t_R
_nid_406	AOI21x1_ASAP7_75t_R
_nid_408	AO21x1_ASAP7_75t_R
_nid_409	AOI21x1_ASAP7_75t_R
_nid_412	OA21x2_ASAP7_75t_R
_nid_413	OA21x2_ASAP7_75t_R
_nid_415	OA21x2_ASAP7_75t_R
_nid_416	OA21x2_ASAP7_75t_R
_nid_418	OA211x2_ASAP7_75t_R
_nid_420	AND5x1_ASAP7_75t_R
_nid_422	INVx1_ASAP7_75t_R
_nid_423	AND3x1_ASAP7_75t_R
_nid_424	OA21x2_ASAP7_75t_R
_nid_425	OR5x1_ASAP7_75t_R
_nid_427	NAND2x1_ASAP7_75t_R
_nid_428	OA211x2_ASAP7_75t_R
_nid_433	INVx1_ASAP7_75t_R
_nid_435	MAJx2_ASAP7_75t_R
_nid_437	AO22x1_ASAP7_75t_R
_nid_441	OA211x2_ASAP7_75t_R
_nid_443	AND2x2_ASAP7_75t_R
_nid_445	AND2x2_ASAP7_75t_R
_nid_447	INVx1_ASAP7_75t_R
