u212	BUFx2_ASAP7_75t_R
u213	BUFx2_ASAP7_75t_R
u214	BUFx2_ASAP7_75t_R
u215	BUFx2_ASAP7_75t_R
u216	BUFx2_ASAP7_75t_R
u217	BUFx2_ASAP7_75t_R
u218	BUFx2_ASAP7_75t_R
u219	AND3x1_ASAP7_75t_R
u220	INVx1_ASAP7_75t_R
u221	BUFx2_ASAP7_75t_R
u222	BUFx2_ASAP7_75t_R
u223	BUFx2_ASAP7_75t_R
u224	BUFx2_ASAP7_75t_R
u225	BUFx2_ASAP7_75t_R
u226	BUFx2_ASAP7_75t_R
u227	BUFx2_ASAP7_75t_R
u228	BUFx2_ASAP7_75t_R
u229	BUFx2_ASAP7_75t_R
u230	BUFx2_ASAP7_75t_R
u231	BUFx2_ASAP7_75t_R
u232	INVx1_ASAP7_75t_R
u233	INVx1_ASAP7_75t_R
u234	INVx1_ASAP7_75t_R
u235	AND3x1_ASAP7_75t_R
u236	INVx1_ASAP7_75t_R
u237	OAI21x1_ASAP7_75t_R
u238	INVx1_ASAP7_75t_R
u239	AND3x1_ASAP7_75t_R
u240	OA21x2_ASAP7_75t_R
u241	INVx1_ASAP7_75t_R
u242	OR3x1_ASAP7_75t_R
u243	OA21x2_ASAP7_75t_R
u244	AO21x1_ASAP7_75t_R
u245	OR3x1_ASAP7_75t_R
u246	NOR2x1_ASAP7_75t_R
u247	AND4x2_ASAP7_75t_R
u248	INVx1_ASAP7_75t_R
u249	NAND2x1_ASAP7_75t_R
u250	OA211x2_ASAP7_75t_R
u251	INVx1_ASAP7_75t_R
u252	INVx1_ASAP7_75t_R
u253	AO21x1_ASAP7_75t_R
u254	OA211x2_ASAP7_75t_R
u255	NOR2x1_ASAP7_75t_R
u256	AO21x1_ASAP7_75t_R
u257	NAND2x1_ASAP7_75t_R
u258	INVx1_ASAP7_75t_R
u259	AOI21x1_ASAP7_75t_R
u260	NOR2x1_ASAP7_75t_R
u261	INVx1_ASAP7_75t_R
u262	OR3x1_ASAP7_75t_R
u263	NAND2x1_ASAP7_75t_R
u264	AOI21x1_ASAP7_75t_R
u265	XOR2x2_ASAP7_75t_R
u266	AO32x1_ASAP7_75t_R
u267	AND2x2_ASAP7_75t_R
u268	AND3x1_ASAP7_75t_R
u269	OA21x2_ASAP7_75t_R
u270	INVx1_ASAP7_75t_R
u271	INVx1_ASAP7_75t_R
u272	INVx1_ASAP7_75t_R
u273	INVx1_ASAP7_75t_R
u274	INVx1_ASAP7_75t_R
u275	AND4x2_ASAP7_75t_R
u276	INVx1_ASAP7_75t_R
u277	NAND2x1_ASAP7_75t_R
u278	OA211x2_ASAP7_75t_R
u279	INVx1_ASAP7_75t_R
u280	INVx1_ASAP7_75t_R
u281	AND3x1_ASAP7_75t_R
u282	INVx1_ASAP7_75t_R
u283	AND5x1_ASAP7_75t_R
u284	OR2x4_ASAP7_75t_R
u285	OA211x2_ASAP7_75t_R
u286	OR2x4_ASAP7_75t_R
u287	OA211x2_ASAP7_75t_R
u288	OR2x4_ASAP7_75t_R
u289	OA211x2_ASAP7_75t_R
u290	OR2x4_ASAP7_75t_R
u291	OA211x2_ASAP7_75t_R
u292	OR2x4_ASAP7_75t_R
u293	OA211x2_ASAP7_75t_R
u294	OR2x4_ASAP7_75t_R
u295	OA211x2_ASAP7_75t_R
u296	OR2x4_ASAP7_75t_R
u297	OA211x2_ASAP7_75t_R
u298	OA21x2_ASAP7_75t_R
u299	INVx1_ASAP7_75t_R
u300	NAND2x1_ASAP7_75t_R
u301	OR5x1_ASAP7_75t_R
u302	INVx1_ASAP7_75t_R
u303	AND3x1_ASAP7_75t_R
u304	INVx1_ASAP7_75t_R
u305	AND3x1_ASAP7_75t_R
u306	AO32x1_ASAP7_75t_R
u307	AND4x2_ASAP7_75t_R
u308	AND4x2_ASAP7_75t_R
u309	OR5x1_ASAP7_75t_R
u310	AND2x2_ASAP7_75t_R
u311	XOR2x2_ASAP7_75t_R
u312	NAND2x1_ASAP7_75t_R
u313	INVx1_ASAP7_75t_R
u314	NAND2x1_ASAP7_75t_R
u315	AO21x1_ASAP7_75t_R
u316	OA211x2_ASAP7_75t_R
u317	INVx1_ASAP7_75t_R
u318	AND4x2_ASAP7_75t_R
u319	OA211x2_ASAP7_75t_R
u320	OA21x2_ASAP7_75t_R
u321	NOR2x1_ASAP7_75t_R
u322	INVx1_ASAP7_75t_R
u323	AND3x1_ASAP7_75t_R
u324	NAND2x1_ASAP7_75t_R
u325	OA21x2_ASAP7_75t_R
u326	NOR2x1_ASAP7_75t_R
u327	OA21x2_ASAP7_75t_R
u328	NOR2x1_ASAP7_75t_R
u329	AO21x1_ASAP7_75t_R
u330	INVx1_ASAP7_75t_R
u331	AND3x1_ASAP7_75t_R
u332	AND3x1_ASAP7_75t_R
u333	NAND2x1_ASAP7_75t_R
u334	INVx1_ASAP7_75t_R
u335	AND3x1_ASAP7_75t_R
u336	INVx1_ASAP7_75t_R
u337	OR3x1_ASAP7_75t_R
u338	INVx1_ASAP7_75t_R
u339	OA211x2_ASAP7_75t_R
u340	NAND2x1_ASAP7_75t_R
u341	OA211x2_ASAP7_75t_R
u342	INVx1_ASAP7_75t_R
u343	OA211x2_ASAP7_75t_R
u344	INVx1_ASAP7_75t_R
u345	AO32x1_ASAP7_75t_R
u346	OA21x2_ASAP7_75t_R
u347	INVx1_ASAP7_75t_R
u348	OA211x2_ASAP7_75t_R
u349	OA21x2_ASAP7_75t_R
u350	INVx1_ASAP7_75t_R
u351	AND5x1_ASAP7_75t_R
u352	AND2x2_ASAP7_75t_R
u353	OA21x2_ASAP7_75t_R
u354	AO21x1_ASAP7_75t_R
u355	OA211x2_ASAP7_75t_R
u356	INVx1_ASAP7_75t_R
u357	AND3x1_ASAP7_75t_R
u358	INVx1_ASAP7_75t_R
u359	INVx1_ASAP7_75t_R
u360	AND3x1_ASAP7_75t_R
u361	INVx1_ASAP7_75t_R
u362	AND3x1_ASAP7_75t_R
u363	AND3x1_ASAP7_75t_R
u364	OR5x1_ASAP7_75t_R
u365	AND3x1_ASAP7_75t_R
u366	INVx1_ASAP7_75t_R
u367	AND3x1_ASAP7_75t_R
u368	INVx1_ASAP7_75t_R
u369	AND3x1_ASAP7_75t_R
u370	INVx1_ASAP7_75t_R
u371	AND3x1_ASAP7_75t_R
u372	OR5x1_ASAP7_75t_R
u373	AND3x1_ASAP7_75t_R
u374	OA211x2_ASAP7_75t_R
u375	INVx1_ASAP7_75t_R
u376	AND3x1_ASAP7_75t_R
u377	NOR2x1_ASAP7_75t_R
u378	AND3x1_ASAP7_75t_R
u379	OR3x1_ASAP7_75t_R
u380	OR3x1_ASAP7_75t_R
u381	AND2x2_ASAP7_75t_R
u382	OA211x2_ASAP7_75t_R
u383	INVx1_ASAP7_75t_R
u384	NAND2x1_ASAP7_75t_R
u385	AOI21x1_ASAP7_75t_R
u386	AO21x1_ASAP7_75t_R
u387	OA211x2_ASAP7_75t_R
u388	NAND2x1_ASAP7_75t_R
u389	OA211x2_ASAP7_75t_R
u390	INVx1_ASAP7_75t_R
u391	INVx1_ASAP7_75t_R
u392	OA211x2_ASAP7_75t_R
u393	AND3x1_ASAP7_75t_R
u394	OA21x2_ASAP7_75t_R
u395	AND2x2_ASAP7_75t_R
u396	AND2x2_ASAP7_75t_R
u397	INVx1_ASAP7_75t_R
u398	OA21x2_ASAP7_75t_R
u399	AO32x1_ASAP7_75t_R
u400	AND2x2_ASAP7_75t_R
u401	XOR2x2_ASAP7_75t_R
u402	AO32x1_ASAP7_75t_R
u403	AND2x2_ASAP7_75t_R
u404	AND3x1_ASAP7_75t_R
u405	OA211x2_ASAP7_75t_R
u406	INVx1_ASAP7_75t_R
u407	INVx1_ASAP7_75t_R
u408	OA211x2_ASAP7_75t_R
u409	AO21x1_ASAP7_75t_R
u410	OA211x2_ASAP7_75t_R
u411	AND2x2_ASAP7_75t_R
u412	NAND2x1_ASAP7_75t_R
u413	BUFx2_ASAP7_75t_R
u414	AO21x1_ASAP7_75t_R
u415	AND2x2_ASAP7_75t_R
u416	OA211x2_ASAP7_75t_R
u417	AO21x1_ASAP7_75t_R
u418	INVx1_ASAP7_75t_R
u419	OA211x2_ASAP7_75t_R
u420	OR2x4_ASAP7_75t_R
u421	XOR2x2_ASAP7_75t_R
u422	NOR2x1_ASAP7_75t_R
u423	AO21x1_ASAP7_75t_R
u424	OA21x2_ASAP7_75t_R
u425	AO32x1_ASAP7_75t_R
u426	AND2x2_ASAP7_75t_R
u427	INVx1_ASAP7_75t_R
u428	AO21x1_ASAP7_75t_R
u429	AND3x1_ASAP7_75t_R
u430	INVx1_ASAP7_75t_R
u431	AO21x1_ASAP7_75t_R
u432	OA21x2_ASAP7_75t_R
u433	OR2x4_ASAP7_75t_R
u434	OA211x2_ASAP7_75t_R
u435	AO21x1_ASAP7_75t_R
u436	OA21x2_ASAP7_75t_R
u437	NOR2x1_ASAP7_75t_R
u438	INVx1_ASAP7_75t_R
u439	INVx1_ASAP7_75t_R
u440	NAND2x1_ASAP7_75t_R
u441	INVx1_ASAP7_75t_R
u442	AO221x2_ASAP7_75t_R
u443	INVx1_ASAP7_75t_R
u444	AO21x1_ASAP7_75t_R
u445	INVx1_ASAP7_75t_R
u446	AO21x1_ASAP7_75t_R
u447	INVx1_ASAP7_75t_R
u448	AND4x2_ASAP7_75t_R
u449	INVx1_ASAP7_75t_R
u450	INVx1_ASAP7_75t_R
u451	AO21x1_ASAP7_75t_R
u452	AOI21x1_ASAP7_75t_R
u453	AO21x1_ASAP7_75t_R
u454	AOI21x1_ASAP7_75t_R
u455	OA21x2_ASAP7_75t_R
u456	OA21x2_ASAP7_75t_R
u457	OA21x2_ASAP7_75t_R
u458	OA21x2_ASAP7_75t_R
u459	OA211x2_ASAP7_75t_R
u460	AND5x1_ASAP7_75t_R
u461	INVx1_ASAP7_75t_R
u462	AND3x1_ASAP7_75t_R
u463	OA21x2_ASAP7_75t_R
u464	OR5x1_ASAP7_75t_R
u465	NAND2x1_ASAP7_75t_R
u466	OA211x2_ASAP7_75t_R
u467	BUFx2_ASAP7_75t_R
u468	INVx1_ASAP7_75t_R
u469	MAJx2_ASAP7_75t_R
u470	AND2x2_ASAP7_75t_R
u471	AO21x1_ASAP7_75t_R
u472	BUFx2_ASAP7_75t_R
u473	OA211x2_ASAP7_75t_R
u474	AND2x2_ASAP7_75t_R
u475	AND2x2_ASAP7_75t_R
u476	INVx1_ASAP7_75t_R
u477	BUFx2_ASAP7_75t_R
u478	BUFx2_ASAP7_75t_R
u479	BUFx2_ASAP7_75t_R
u480	BUFx2_ASAP7_75t_R
u481	BUFx2_ASAP7_75t_R
u482	BUFx2_ASAP7_75t_R
u483	BUFx2_ASAP7_75t_R
u484	BUFx2_ASAP7_75t_R
u485	BUFx2_ASAP7_75t_R
u486	BUFx2_ASAP7_75t_R
u487	BUFx2_ASAP7_75t_R
u488	BUFx2_ASAP7_75t_R
u489	BUFx2_ASAP7_75t_R
u490	BUFx2_ASAP7_75t_R
u491	BUFx2_ASAP7_75t_R
u492	BUFx2_ASAP7_75t_R
