u281	BUFx2_ASAP7_75t_R
u282	BUFx2_ASAP7_75t_R
u283	BUFx2_ASAP7_75t_R
u284	BUFx2_ASAP7_75t_R
u285	BUFx2_ASAP7_75t_R
u286	BUFx2_ASAP7_75t_R
u287	BUFx2_ASAP7_75t_R
u288	BUFx2_ASAP7_75t_R
u289	BUFx2_ASAP7_75t_R
u290	BUFx2_ASAP7_75t_R
u291	BUFx2_ASAP7_75t_R
u292	BUFx2_ASAP7_75t_R
u293	BUFx2_ASAP7_75t_R
u294	NOR2x1_ASAP7_75t_R
u295	INVx1_ASAP7_75t_R
u296	INVx1_ASAP7_75t_R
u297	INVx1_ASAP7_75t_R
u298	AO21x1_ASAP7_75t_R
u299	AO32x1_ASAP7_75t_R
u300	NAND2x1_ASAP7_75t_R
u301	INVx1_ASAP7_75t_R
u302	INVx1_ASAP7_75t_R
u303	OR5x1_ASAP7_75t_R
u304	INVx1_ASAP7_75t_R
u305	XOR2x2_ASAP7_75t_R
u306	INVx1_ASAP7_75t_R
u307	INVx1_ASAP7_75t_R
u308	XOR2x2_ASAP7_75t_R
u309	OA211x2_ASAP7_75t_R
u310	OA21x2_ASAP7_75t_R
u311	AO21x1_ASAP7_75t_R
u312	AND3x1_ASAP7_75t_R
u313	OA21x2_ASAP7_75t_R
u314	AO21x1_ASAP7_75t_R
u315	AND2x2_ASAP7_75t_R
u316	AO21x1_ASAP7_75t_R
u317	AND3x1_ASAP7_75t_R
u318	AND4x2_ASAP7_75t_R
u319	INVx1_ASAP7_75t_R
u320	AO21x1_ASAP7_75t_R
u321	AND3x1_ASAP7_75t_R
u322	BUFx2_ASAP7_75t_R
u323	AND3x1_ASAP7_75t_R
u324	INVx1_ASAP7_75t_R
u325	AO21x1_ASAP7_75t_R
u326	AND3x1_ASAP7_75t_R
u327	NOR2x1_ASAP7_75t_R
u328	AO21x1_ASAP7_75t_R
u329	AND2x2_ASAP7_75t_R
u330	INVx1_ASAP7_75t_R
u331	AND3x1_ASAP7_75t_R
u332	INVx1_ASAP7_75t_R
u333	NOR2x1_ASAP7_75t_R
u334	AO21x1_ASAP7_75t_R
u335	INVx1_ASAP7_75t_R
u336	NOR2x1_ASAP7_75t_R
u337	AO21x1_ASAP7_75t_R
u338	INVx1_ASAP7_75t_R
u339	NOR2x1_ASAP7_75t_R
u340	AO21x1_ASAP7_75t_R
u341	INVx1_ASAP7_75t_R
u342	NOR2x1_ASAP7_75t_R
u343	AO21x1_ASAP7_75t_R
u344	INVx1_ASAP7_75t_R
u345	NOR2x1_ASAP7_75t_R
u346	AO21x1_ASAP7_75t_R
u347	INVx1_ASAP7_75t_R
u348	AND3x1_ASAP7_75t_R
u349	INVx1_ASAP7_75t_R
u350	NOR2x1_ASAP7_75t_R
u351	AO21x1_ASAP7_75t_R
u352	INVx1_ASAP7_75t_R
u353	NOR2x1_ASAP7_75t_R
u354	AO21x1_ASAP7_75t_R
u355	INVx1_ASAP7_75t_R
u356	NOR2x1_ASAP7_75t_R
u357	AO21x1_ASAP7_75t_R
u358	INVx1_ASAP7_75t_R
u359	NOR2x1_ASAP7_75t_R
u360	AO21x1_ASAP7_75t_R
u361	INVx1_ASAP7_75t_R
u362	NOR2x1_ASAP7_75t_R
u363	AO21x1_ASAP7_75t_R
u364	INVx1_ASAP7_75t_R
u365	NOR2x1_ASAP7_75t_R
u366	AO21x1_ASAP7_75t_R
u367	INVx1_ASAP7_75t_R
u368	NOR2x1_ASAP7_75t_R
u369	AO21x1_ASAP7_75t_R
u370	INVx1_ASAP7_75t_R
u371	NOR2x1_ASAP7_75t_R
u372	AO21x1_ASAP7_75t_R
u373	INVx1_ASAP7_75t_R
u374	NOR2x1_ASAP7_75t_R
u375	AO21x1_ASAP7_75t_R
u376	INVx1_ASAP7_75t_R
u377	NOR2x1_ASAP7_75t_R
u378	AO21x1_ASAP7_75t_R
u379	INVx1_ASAP7_75t_R
u380	NOR2x1_ASAP7_75t_R
u381	AO21x1_ASAP7_75t_R
u382	AND2x2_ASAP7_75t_R
u383	AO21x1_ASAP7_75t_R
u384	AND2x2_ASAP7_75t_R
u385	AO21x1_ASAP7_75t_R
u386	AND2x2_ASAP7_75t_R
u387	AO21x1_ASAP7_75t_R
u388	AND2x2_ASAP7_75t_R
u389	AO21x1_ASAP7_75t_R
u390	AND2x2_ASAP7_75t_R
u391	AO21x1_ASAP7_75t_R
u392	AND2x2_ASAP7_75t_R
u393	AO21x1_ASAP7_75t_R
u394	AND2x2_ASAP7_75t_R
u395	AO21x1_ASAP7_75t_R
u396	AND2x2_ASAP7_75t_R
u397	AO21x1_ASAP7_75t_R
u398	OR3x1_ASAP7_75t_R
u399	AO32x1_ASAP7_75t_R
u400	AO32x1_ASAP7_75t_R
u401	AO32x1_ASAP7_75t_R
u402	AO32x1_ASAP7_75t_R
u403	AO32x1_ASAP7_75t_R
u404	AO32x1_ASAP7_75t_R
u405	AO32x1_ASAP7_75t_R
u406	AO32x1_ASAP7_75t_R
u407	XOR2x2_ASAP7_75t_R
u408	XOR2x2_ASAP7_75t_R
u409	OR3x1_ASAP7_75t_R
u410	AND2x2_ASAP7_75t_R
u411	OR4x2_ASAP7_75t_R
u412	OR3x1_ASAP7_75t_R
u413	OR3x1_ASAP7_75t_R
u414	OR3x1_ASAP7_75t_R
u415	OR3x1_ASAP7_75t_R
u416	INVx1_ASAP7_75t_R
u417	OR3x1_ASAP7_75t_R
u418	NOR2x1_ASAP7_75t_R
u419	OAI21x1_ASAP7_75t_R
u420	OA21x2_ASAP7_75t_R
u421	AOI21x1_ASAP7_75t_R
u422	AND2x2_ASAP7_75t_R
u423	NOR2x1_ASAP7_75t_R
u424	OR3x1_ASAP7_75t_R
u425	NAND2x1_ASAP7_75t_R
u426	OR4x2_ASAP7_75t_R
u427	AO21x1_ASAP7_75t_R
u428	INVx1_ASAP7_75t_R
u429	OA21x2_ASAP7_75t_R
u430	AO32x1_ASAP7_75t_R
u431	OA21x2_ASAP7_75t_R
u432	INVx1_ASAP7_75t_R
u433	OA21x2_ASAP7_75t_R
u434	AO221x2_ASAP7_75t_R
u435	AND2x2_ASAP7_75t_R
u436	INVx1_ASAP7_75t_R
u437	OR3x1_ASAP7_75t_R
u438	INVx1_ASAP7_75t_R
u439	AND3x1_ASAP7_75t_R
u440	INVx1_ASAP7_75t_R
u441	OA211x2_ASAP7_75t_R
u442	INVx1_ASAP7_75t_R
u443	OR5x1_ASAP7_75t_R
u444	INVx1_ASAP7_75t_R
u445	OR3x1_ASAP7_75t_R
u446	OA211x2_ASAP7_75t_R
u447	INVx1_ASAP7_75t_R
u448	AND3x1_ASAP7_75t_R
u449	NOR2x1_ASAP7_75t_R
u450	NOR2x1_ASAP7_75t_R
u451	AO21x1_ASAP7_75t_R
u452	AO22x1_ASAP7_75t_R
u453	AO21x1_ASAP7_75t_R
u454	OR2x4_ASAP7_75t_R
u455	OA211x2_ASAP7_75t_R
u456	INVx1_ASAP7_75t_R
u457	NOR2x1_ASAP7_75t_R
u458	AO32x1_ASAP7_75t_R
u459	INVx1_ASAP7_75t_R
u460	AND2x2_ASAP7_75t_R
u461	AO32x1_ASAP7_75t_R
u462	OA21x2_ASAP7_75t_R
u463	AO21x1_ASAP7_75t_R
u464	OA21x2_ASAP7_75t_R
u465	AO21x1_ASAP7_75t_R
u466	INVx1_ASAP7_75t_R
u467	OR5x1_ASAP7_75t_R
u468	OA211x2_ASAP7_75t_R
u469	OR2x4_ASAP7_75t_R
u470	OA211x2_ASAP7_75t_R
u471	AO32x1_ASAP7_75t_R
u472	AO32x1_ASAP7_75t_R
u473	OA21x2_ASAP7_75t_R
u474	AO21x1_ASAP7_75t_R
u475	OA21x2_ASAP7_75t_R
u476	OR2x4_ASAP7_75t_R
u477	OA211x2_ASAP7_75t_R
u478	AO32x1_ASAP7_75t_R
u479	AO32x1_ASAP7_75t_R
u480	OA21x2_ASAP7_75t_R
u481	AO21x1_ASAP7_75t_R
u482	OA21x2_ASAP7_75t_R
u483	OR2x4_ASAP7_75t_R
u484	OA211x2_ASAP7_75t_R
u485	AO32x1_ASAP7_75t_R
u486	AO32x1_ASAP7_75t_R
u487	OA21x2_ASAP7_75t_R
u488	AO21x1_ASAP7_75t_R
u489	OA21x2_ASAP7_75t_R
u490	OR2x4_ASAP7_75t_R
u491	OA211x2_ASAP7_75t_R
u492	AO32x1_ASAP7_75t_R
u493	AO32x1_ASAP7_75t_R
u494	OA21x2_ASAP7_75t_R
u495	AO21x1_ASAP7_75t_R
u496	OA21x2_ASAP7_75t_R
u497	OR2x4_ASAP7_75t_R
u498	OA211x2_ASAP7_75t_R
u499	AO32x1_ASAP7_75t_R
u500	AO32x1_ASAP7_75t_R
u501	OA21x2_ASAP7_75t_R
u502	AO21x1_ASAP7_75t_R
u503	OA21x2_ASAP7_75t_R
u504	OR2x4_ASAP7_75t_R
u505	OA211x2_ASAP7_75t_R
u506	AO32x1_ASAP7_75t_R
u507	AO32x1_ASAP7_75t_R
u508	OA21x2_ASAP7_75t_R
u509	AO21x1_ASAP7_75t_R
u510	OA21x2_ASAP7_75t_R
u511	OR2x4_ASAP7_75t_R
u512	OA211x2_ASAP7_75t_R
u513	AO32x1_ASAP7_75t_R
u514	AO32x1_ASAP7_75t_R
u515	OA21x2_ASAP7_75t_R
u516	AO21x1_ASAP7_75t_R
u517	OA21x2_ASAP7_75t_R
u518	XNOR2x2_ASAP7_75t_R
u519	AO32x1_ASAP7_75t_R
u520	NOR2x1_ASAP7_75t_R
u521	INVx1_ASAP7_75t_R
u522	INVx1_ASAP7_75t_R
u523	AO21x1_ASAP7_75t_R
u524	AO21x1_ASAP7_75t_R
u525	INVx1_ASAP7_75t_R
u526	OR2x4_ASAP7_75t_R
u527	INVx1_ASAP7_75t_R
u528	AND3x1_ASAP7_75t_R
u529	AO21x1_ASAP7_75t_R
u530	INVx1_ASAP7_75t_R
u531	OR3x1_ASAP7_75t_R
u532	OR3x1_ASAP7_75t_R
u533	NAND2x1_ASAP7_75t_R
u534	AO21x1_ASAP7_75t_R
u535	OA211x2_ASAP7_75t_R
u536	INVx1_ASAP7_75t_R
u537	AOI21x1_ASAP7_75t_R
u538	XOR2x2_ASAP7_75t_R
u539	AO32x1_ASAP7_75t_R
u540	INVx1_ASAP7_75t_R
u541	AO21x1_ASAP7_75t_R
u542	AO221x2_ASAP7_75t_R
u543	INVx1_ASAP7_75t_R
u544	INVx1_ASAP7_75t_R
u545	AO21x1_ASAP7_75t_R
u546	AO22x1_ASAP7_75t_R
u547	NOR2x1_ASAP7_75t_R
u548	INVx1_ASAP7_75t_R
u549	OA21x2_ASAP7_75t_R
u550	AO32x1_ASAP7_75t_R
u551	INVx1_ASAP7_75t_R
u552	OR4x2_ASAP7_75t_R
u553	NAND2x1_ASAP7_75t_R
u554	OA21x2_ASAP7_75t_R
u555	AO21x1_ASAP7_75t_R
u556	OA21x2_ASAP7_75t_R
u557	INVx1_ASAP7_75t_R
u558	AO21x1_ASAP7_75t_R
u559	AO21x1_ASAP7_75t_R
u560	INVx1_ASAP7_75t_R
u561	AO21x1_ASAP7_75t_R
u562	AND2x2_ASAP7_75t_R
u563	INVx1_ASAP7_75t_R
u564	AND4x2_ASAP7_75t_R
u565	OA211x2_ASAP7_75t_R
u566	INVx1_ASAP7_75t_R
u567	NOR2x1_ASAP7_75t_R
u568	AO32x1_ASAP7_75t_R
u569	AND2x2_ASAP7_75t_R
u570	AO32x1_ASAP7_75t_R
u571	INVx1_ASAP7_75t_R
u572	OA211x2_ASAP7_75t_R
u573	INVx1_ASAP7_75t_R
u574	AND2x2_ASAP7_75t_R
u575	AO32x1_ASAP7_75t_R
u576	AND3x1_ASAP7_75t_R
u577	OR3x1_ASAP7_75t_R
u578	INVx1_ASAP7_75t_R
u579	INVx1_ASAP7_75t_R
u580	NAND2x1_ASAP7_75t_R
u581	INVx1_ASAP7_75t_R
u582	AO21x1_ASAP7_75t_R
u583	XOR2x2_ASAP7_75t_R
u584	AND4x2_ASAP7_75t_R
u585	INVx1_ASAP7_75t_R
u586	AO32x1_ASAP7_75t_R
u587	AND3x1_ASAP7_75t_R
u588	AND2x2_ASAP7_75t_R
u589	AO32x1_ASAP7_75t_R
u590	AO32x1_ASAP7_75t_R
u591	OA211x2_ASAP7_75t_R
u592	AO32x1_ASAP7_75t_R
u593	NOR2x1_ASAP7_75t_R
u594	AND4x2_ASAP7_75t_R
u595	OR3x1_ASAP7_75t_R
u596	INVx1_ASAP7_75t_R
u597	AND3x1_ASAP7_75t_R
u598	AO32x1_ASAP7_75t_R
u599	AO32x1_ASAP7_75t_R
u600	AO32x1_ASAP7_75t_R
u601	OA211x2_ASAP7_75t_R
u602	OR3x1_ASAP7_75t_R
u603	XOR2x2_ASAP7_75t_R
u604	INVx1_ASAP7_75t_R
u605	OR5x1_ASAP7_75t_R
u606	INVx1_ASAP7_75t_R
u607	AO32x1_ASAP7_75t_R
u608	AO32x1_ASAP7_75t_R
u609	AO32x1_ASAP7_75t_R
u610	OA211x2_ASAP7_75t_R
u611	OR3x1_ASAP7_75t_R
u612	NOR2x1_ASAP7_75t_R
u613	AO32x1_ASAP7_75t_R
u614	AO32x1_ASAP7_75t_R
u615	OA211x2_ASAP7_75t_R
u616	AO221x2_ASAP7_75t_R
u617	OR5x1_ASAP7_75t_R
u618	INVx1_ASAP7_75t_R
u619	AO32x1_ASAP7_75t_R
u620	AO32x1_ASAP7_75t_R
u621	AO32x1_ASAP7_75t_R
u622	OA211x2_ASAP7_75t_R
u623	OR3x1_ASAP7_75t_R
u624	AND3x1_ASAP7_75t_R
u625	AND4x2_ASAP7_75t_R
u626	INVx1_ASAP7_75t_R
u627	OA211x2_ASAP7_75t_R
u628	AO32x1_ASAP7_75t_R
u629	AO32x1_ASAP7_75t_R
u630	OA211x2_ASAP7_75t_R
u631	AO32x1_ASAP7_75t_R
u632	AND3x1_ASAP7_75t_R
u633	OR3x1_ASAP7_75t_R
u634	AO32x1_ASAP7_75t_R
u635	AO32x1_ASAP7_75t_R
u636	OA211x2_ASAP7_75t_R
u637	AO221x2_ASAP7_75t_R
u638	NOR2x1_ASAP7_75t_R
u639	OR3x1_ASAP7_75t_R
u640	OA211x2_ASAP7_75t_R
u641	OR3x1_ASAP7_75t_R
u642	AO21x1_ASAP7_75t_R
u643	AND3x1_ASAP7_75t_R
u644	AOI211x1_ASAP7_75t_R
u645	AND3x1_ASAP7_75t_R
u646	INVx1_ASAP7_75t_R
u647	NOR2x1_ASAP7_75t_R
u648	AO21x1_ASAP7_75t_R
u649	NAND2x1_ASAP7_75t_R
u650	AO32x1_ASAP7_75t_R
u651	INVx1_ASAP7_75t_R
u652	NOR2x1_ASAP7_75t_R
u653	AO21x1_ASAP7_75t_R
u654	AO32x1_ASAP7_75t_R
u655	OA211x2_ASAP7_75t_R
u656	INVx1_ASAP7_75t_R
u657	OA211x2_ASAP7_75t_R
u658	NOR2x1_ASAP7_75t_R
u659	AND2x2_ASAP7_75t_R
u660	OA21x2_ASAP7_75t_R
u661	AO32x1_ASAP7_75t_R
u662	AO32x1_ASAP7_75t_R
u663	AO32x1_ASAP7_75t_R
u664	AO32x1_ASAP7_75t_R
u665	AO32x1_ASAP7_75t_R
u666	AO32x1_ASAP7_75t_R
u667	INVx1_ASAP7_75t_R
u668	NOR2x1_ASAP7_75t_R
u669	AO21x1_ASAP7_75t_R
u670	INVx1_ASAP7_75t_R
u671	NOR2x1_ASAP7_75t_R
u672	AO21x1_ASAP7_75t_R
u673	INVx1_ASAP7_75t_R
u674	NOR2x1_ASAP7_75t_R
u675	AO21x1_ASAP7_75t_R
u676	INVx1_ASAP7_75t_R
u677	NOR2x1_ASAP7_75t_R
u678	AO21x1_ASAP7_75t_R
u679	INVx1_ASAP7_75t_R
u680	NOR2x1_ASAP7_75t_R
u681	AO21x1_ASAP7_75t_R
u682	INVx1_ASAP7_75t_R
u683	NOR2x1_ASAP7_75t_R
u684	AO21x1_ASAP7_75t_R
u685	NAND2x1_ASAP7_75t_R
u686	AO32x1_ASAP7_75t_R
u687	NAND2x1_ASAP7_75t_R
u688	AO32x1_ASAP7_75t_R
u689	AO32x1_ASAP7_75t_R
u690	AO32x1_ASAP7_75t_R
u691	AO32x1_ASAP7_75t_R
u692	AO32x1_ASAP7_75t_R
u693	AO32x1_ASAP7_75t_R
u694	AO32x1_ASAP7_75t_R
u695	AO32x1_ASAP7_75t_R
u696	AO32x1_ASAP7_75t_R
u697	AO32x1_ASAP7_75t_R
u698	AO32x1_ASAP7_75t_R
u699	AO32x1_ASAP7_75t_R
u700	AO32x1_ASAP7_75t_R
u701	AO32x1_ASAP7_75t_R
u702	AO32x1_ASAP7_75t_R
u703	NAND2x1_ASAP7_75t_R
u704	AO32x1_ASAP7_75t_R
u705	AND3x1_ASAP7_75t_R
u706	AO32x1_ASAP7_75t_R
u707	AO32x1_ASAP7_75t_R
u708	AO32x1_ASAP7_75t_R
u709	AO32x1_ASAP7_75t_R
u710	AO32x1_ASAP7_75t_R
u711	AO32x1_ASAP7_75t_R
u712	AO32x1_ASAP7_75t_R
u713	NAND2x1_ASAP7_75t_R
u714	AO32x1_ASAP7_75t_R
u715	AO32x1_ASAP7_75t_R
u716	AO32x1_ASAP7_75t_R
u717	AO32x1_ASAP7_75t_R
u718	AO21x1_ASAP7_75t_R
u719	AO32x1_ASAP7_75t_R
u720	AO32x1_ASAP7_75t_R
u721	AO32x1_ASAP7_75t_R
u722	AO21x1_ASAP7_75t_R
u723	AOI21x1_ASAP7_75t_R
u724	AND3x1_ASAP7_75t_R
u725	AND2x2_ASAP7_75t_R
