u513	BUFx2_ASAP7_75t_R
u514	BUFx2_ASAP7_75t_R
u515	BUFx2_ASAP7_75t_R
u516	BUFx2_ASAP7_75t_R
u517	BUFx2_ASAP7_75t_R
u518	BUFx2_ASAP7_75t_R
u519	BUFx2_ASAP7_75t_R
u520	BUFx2_ASAP7_75t_R
u521	BUFx2_ASAP7_75t_R
u522	BUFx2_ASAP7_75t_R
u523	BUFx2_ASAP7_75t_R
u524	BUFx2_ASAP7_75t_R
u525	BUFx2_ASAP7_75t_R
u526	BUFx2_ASAP7_75t_R
u527	BUFx2_ASAP7_75t_R
u528	BUFx2_ASAP7_75t_R
u529	BUFx2_ASAP7_75t_R
u530	BUFx2_ASAP7_75t_R
u531	BUFx2_ASAP7_75t_R
u532	BUFx2_ASAP7_75t_R
u533	BUFx2_ASAP7_75t_R
u534	BUFx2_ASAP7_75t_R
u535	BUFx2_ASAP7_75t_R
u536	BUFx2_ASAP7_75t_R
u537	BUFx2_ASAP7_75t_R
u538	BUFx2_ASAP7_75t_R
u539	BUFx2_ASAP7_75t_R
u540	BUFx2_ASAP7_75t_R
u541	BUFx2_ASAP7_75t_R
u542	BUFx2_ASAP7_75t_R
u543	BUFx2_ASAP7_75t_R
u544	BUFx2_ASAP7_75t_R
u545	BUFx2_ASAP7_75t_R
u546	BUFx2_ASAP7_75t_R
u547	BUFx2_ASAP7_75t_R
u548	BUFx2_ASAP7_75t_R
u549	BUFx2_ASAP7_75t_R
u550	BUFx2_ASAP7_75t_R
u551	BUFx2_ASAP7_75t_R
u552	BUFx2_ASAP7_75t_R
u553	BUFx2_ASAP7_75t_R
u554	BUFx2_ASAP7_75t_R
u555	BUFx2_ASAP7_75t_R
u556	BUFx2_ASAP7_75t_R
u557	BUFx2_ASAP7_75t_R
u558	BUFx2_ASAP7_75t_R
u559	BUFx2_ASAP7_75t_R
u560	BUFx2_ASAP7_75t_R
u561	BUFx2_ASAP7_75t_R
u562	BUFx2_ASAP7_75t_R
u563	BUFx2_ASAP7_75t_R
u564	BUFx2_ASAP7_75t_R
u565	BUFx2_ASAP7_75t_R
u566	BUFx2_ASAP7_75t_R
u567	BUFx2_ASAP7_75t_R
u568	BUFx2_ASAP7_75t_R
u569	BUFx2_ASAP7_75t_R
u570	BUFx2_ASAP7_75t_R
u571	BUFx2_ASAP7_75t_R
u572	BUFx2_ASAP7_75t_R
u573	BUFx2_ASAP7_75t_R
u574	BUFx2_ASAP7_75t_R
u575	BUFx2_ASAP7_75t_R
u576	BUFx2_ASAP7_75t_R
u577	BUFx2_ASAP7_75t_R
u578	BUFx2_ASAP7_75t_R
u579	BUFx2_ASAP7_75t_R
u580	OR4x2_ASAP7_75t_R
u581	INVx1_ASAP7_75t_R
u582	INVx1_ASAP7_75t_R
u583	NAND2x1_ASAP7_75t_R
u584	AO32x1_ASAP7_75t_R
u585	AND3x1_ASAP7_75t_R
u586	AOI211x1_ASAP7_75t_R
u587	AO21x1_ASAP7_75t_R
u588	OA21x2_ASAP7_75t_R
u589	INVx1_ASAP7_75t_R
u590	OR2x4_ASAP7_75t_R
u591	OA211x2_ASAP7_75t_R
u592	AO21x1_ASAP7_75t_R
u593	INVx1_ASAP7_75t_R
u594	AO32x1_ASAP7_75t_R
u595	OR2x4_ASAP7_75t_R
u596	OA211x2_ASAP7_75t_R
u597	AO221x2_ASAP7_75t_R
u598	OR2x4_ASAP7_75t_R
u599	OA211x2_ASAP7_75t_R
u600	AO21x1_ASAP7_75t_R
u601	NAND2x1_ASAP7_75t_R
u602	OR2x4_ASAP7_75t_R
u603	OA211x2_ASAP7_75t_R
u604	AO21x1_ASAP7_75t_R
u605	NAND2x1_ASAP7_75t_R
u606	AOI21x1_ASAP7_75t_R
u607	AO21x1_ASAP7_75t_R
u608	AO32x1_ASAP7_75t_R
u609	XOR2x2_ASAP7_75t_R
u610	OR2x4_ASAP7_75t_R
u611	OA211x2_ASAP7_75t_R
u612	AO21x1_ASAP7_75t_R
u613	OR2x4_ASAP7_75t_R
u614	OA211x2_ASAP7_75t_R
u615	AO21x1_ASAP7_75t_R
u616	OR2x4_ASAP7_75t_R
u617	OA211x2_ASAP7_75t_R
u618	AO221x2_ASAP7_75t_R
u619	OR2x4_ASAP7_75t_R
u620	OA211x2_ASAP7_75t_R
u621	AO21x1_ASAP7_75t_R
u622	NAND2x1_ASAP7_75t_R
u623	OR2x4_ASAP7_75t_R
u624	OA211x2_ASAP7_75t_R
u625	AO21x1_ASAP7_75t_R
u626	NAND2x1_ASAP7_75t_R
u627	AOI21x1_ASAP7_75t_R
u628	AO21x1_ASAP7_75t_R
u629	AO32x1_ASAP7_75t_R
u630	XOR2x2_ASAP7_75t_R
u631	OR2x4_ASAP7_75t_R
u632	OA211x2_ASAP7_75t_R
u633	AO21x1_ASAP7_75t_R
u634	OR2x4_ASAP7_75t_R
u635	OA211x2_ASAP7_75t_R
u636	AO21x1_ASAP7_75t_R
u637	OR2x4_ASAP7_75t_R
u638	OA211x2_ASAP7_75t_R
u639	AO221x2_ASAP7_75t_R
u640	OR2x4_ASAP7_75t_R
u641	OA211x2_ASAP7_75t_R
u642	AO21x1_ASAP7_75t_R
u643	NAND2x1_ASAP7_75t_R
u644	OR2x4_ASAP7_75t_R
u645	OA211x2_ASAP7_75t_R
u646	AO21x1_ASAP7_75t_R
u647	NAND2x1_ASAP7_75t_R
u648	AOI21x1_ASAP7_75t_R
u649	AO21x1_ASAP7_75t_R
u650	AO32x1_ASAP7_75t_R
u651	XOR2x2_ASAP7_75t_R
u652	INVx1_ASAP7_75t_R
u653	AND3x1_ASAP7_75t_R
u654	INVx1_ASAP7_75t_R
u655	OR2x4_ASAP7_75t_R
u656	OA211x2_ASAP7_75t_R
u657	AO21x1_ASAP7_75t_R
u658	AO32x1_ASAP7_75t_R
u659	OR2x4_ASAP7_75t_R
u660	OA211x2_ASAP7_75t_R
u661	AO221x2_ASAP7_75t_R
u662	OR2x4_ASAP7_75t_R
u663	OA211x2_ASAP7_75t_R
u664	AO21x1_ASAP7_75t_R
u665	NAND2x1_ASAP7_75t_R
u666	OR2x4_ASAP7_75t_R
u667	OA211x2_ASAP7_75t_R
u668	AO21x1_ASAP7_75t_R
u669	NAND2x1_ASAP7_75t_R
u670	AOI21x1_ASAP7_75t_R
u671	AO21x1_ASAP7_75t_R
u672	AO32x1_ASAP7_75t_R
u673	XOR2x2_ASAP7_75t_R
u674	INVx1_ASAP7_75t_R
u675	INVx1_ASAP7_75t_R
u676	NOR2x1_ASAP7_75t_R
u677	INVx1_ASAP7_75t_R
u678	INVx1_ASAP7_75t_R
u679	AND2x2_ASAP7_75t_R
u680	AO21x1_ASAP7_75t_R
u681	AO21x1_ASAP7_75t_R
u682	OR3x1_ASAP7_75t_R
u683	OR2x4_ASAP7_75t_R
u684	OA211x2_ASAP7_75t_R
u685	AO21x1_ASAP7_75t_R
u686	AO32x1_ASAP7_75t_R
u687	OR2x4_ASAP7_75t_R
u688	OA211x2_ASAP7_75t_R
u689	AO221x2_ASAP7_75t_R
u690	OR2x4_ASAP7_75t_R
u691	OA211x2_ASAP7_75t_R
u692	AO21x1_ASAP7_75t_R
u693	NAND2x1_ASAP7_75t_R
u694	OR2x4_ASAP7_75t_R
u695	OA211x2_ASAP7_75t_R
u696	AO21x1_ASAP7_75t_R
u697	NAND2x1_ASAP7_75t_R
u698	AOI21x1_ASAP7_75t_R
u699	AO21x1_ASAP7_75t_R
u700	AO32x1_ASAP7_75t_R
u701	XOR2x2_ASAP7_75t_R
u702	INVx1_ASAP7_75t_R
u703	AO21x1_ASAP7_75t_R
u704	NOR2x1_ASAP7_75t_R
u705	INVx1_ASAP7_75t_R
u706	AO21x1_ASAP7_75t_R
u707	AND3x1_ASAP7_75t_R
u708	AND3x1_ASAP7_75t_R
u709	AO21x1_ASAP7_75t_R
u710	NOR2x1_ASAP7_75t_R
u711	OA21x2_ASAP7_75t_R
u712	OR3x1_ASAP7_75t_R
u713	OR2x4_ASAP7_75t_R
u714	OA211x2_ASAP7_75t_R
u715	AO21x1_ASAP7_75t_R
u716	OR2x4_ASAP7_75t_R
u717	OA211x2_ASAP7_75t_R
u718	AO221x2_ASAP7_75t_R
u719	NAND2x1_ASAP7_75t_R
u720	NAND2x1_ASAP7_75t_R
u721	AOI21x1_ASAP7_75t_R
u722	AO21x1_ASAP7_75t_R
u723	AO32x1_ASAP7_75t_R
u724	XOR2x2_ASAP7_75t_R
u725	OA211x2_ASAP7_75t_R
u726	NAND2x1_ASAP7_75t_R
u727	AND2x2_ASAP7_75t_R
u728	NOR2x1_ASAP7_75t_R
u729	NAND2x1_ASAP7_75t_R
u730	OR3x1_ASAP7_75t_R
u731	OA211x2_ASAP7_75t_R
u732	AND3x1_ASAP7_75t_R
u733	AO21x1_ASAP7_75t_R
u734	NAND2x1_ASAP7_75t_R
u735	NAND2x1_ASAP7_75t_R
u736	AO21x1_ASAP7_75t_R
u737	INVx1_ASAP7_75t_R
u738	AND3x1_ASAP7_75t_R
u739	OR5x1_ASAP7_75t_R
u740	AND5x1_ASAP7_75t_R
u741	AND3x1_ASAP7_75t_R
u742	AND5x1_ASAP7_75t_R
u743	OR3x1_ASAP7_75t_R
u744	AO21x1_ASAP7_75t_R
u745	XNOR2x2_ASAP7_75t_R
u746	INVx1_ASAP7_75t_R
u747	AO32x1_ASAP7_75t_R
u748	OR2x4_ASAP7_75t_R
u749	OA211x2_ASAP7_75t_R
u750	AO21x1_ASAP7_75t_R
u751	OR2x4_ASAP7_75t_R
u752	OA211x2_ASAP7_75t_R
u753	AO21x1_ASAP7_75t_R
u754	OR2x4_ASAP7_75t_R
u755	OA211x2_ASAP7_75t_R
u756	AO221x2_ASAP7_75t_R
u757	OR2x4_ASAP7_75t_R
u758	OA211x2_ASAP7_75t_R
u759	AO21x1_ASAP7_75t_R
u760	NAND2x1_ASAP7_75t_R
u761	OR2x4_ASAP7_75t_R
u762	OA211x2_ASAP7_75t_R
u763	AO21x1_ASAP7_75t_R
u764	NAND2x1_ASAP7_75t_R
u765	AOI21x1_ASAP7_75t_R
u766	AO21x1_ASAP7_75t_R
u767	AO32x1_ASAP7_75t_R
u768	XOR2x2_ASAP7_75t_R
u769	INVx1_ASAP7_75t_R
u770	OR2x4_ASAP7_75t_R
u771	OA211x2_ASAP7_75t_R
u772	AO221x2_ASAP7_75t_R
u773	OR2x4_ASAP7_75t_R
u774	OA211x2_ASAP7_75t_R
u775	AO21x1_ASAP7_75t_R
u776	NAND2x1_ASAP7_75t_R
u777	OR2x4_ASAP7_75t_R
u778	OA211x2_ASAP7_75t_R
u779	AO21x1_ASAP7_75t_R
u780	NAND2x1_ASAP7_75t_R
u781	AOI21x1_ASAP7_75t_R
u782	AO21x1_ASAP7_75t_R
u783	AO32x1_ASAP7_75t_R
u784	XOR2x2_ASAP7_75t_R
u785	NAND2x1_ASAP7_75t_R
u786	INVx1_ASAP7_75t_R
u787	OR2x4_ASAP7_75t_R
u788	OA211x2_ASAP7_75t_R
u789	AO21x1_ASAP7_75t_R
u790	OR2x4_ASAP7_75t_R
u791	OA211x2_ASAP7_75t_R
u792	AO21x1_ASAP7_75t_R
u793	OR2x4_ASAP7_75t_R
u794	OA211x2_ASAP7_75t_R
u795	AO221x2_ASAP7_75t_R
u796	NAND2x1_ASAP7_75t_R
u797	NAND2x1_ASAP7_75t_R
u798	AOI21x1_ASAP7_75t_R
u799	AO21x1_ASAP7_75t_R
u800	AO32x1_ASAP7_75t_R
u801	XOR2x2_ASAP7_75t_R
u802	INVx1_ASAP7_75t_R
u803	INVx1_ASAP7_75t_R
u804	AND3x1_ASAP7_75t_R
u805	AO21x1_ASAP7_75t_R
u806	OR2x4_ASAP7_75t_R
u807	OA211x2_ASAP7_75t_R
u808	AO21x1_ASAP7_75t_R
u809	OR2x4_ASAP7_75t_R
u810	OA211x2_ASAP7_75t_R
u811	AO21x1_ASAP7_75t_R
u812	OR2x4_ASAP7_75t_R
u813	OA211x2_ASAP7_75t_R
u814	AO221x2_ASAP7_75t_R
u815	OR2x4_ASAP7_75t_R
u816	OA211x2_ASAP7_75t_R
u817	AO21x1_ASAP7_75t_R
u818	NAND2x1_ASAP7_75t_R
u819	OR2x4_ASAP7_75t_R
u820	OA211x2_ASAP7_75t_R
u821	AO21x1_ASAP7_75t_R
u822	NAND2x1_ASAP7_75t_R
u823	AOI21x1_ASAP7_75t_R
u824	AO21x1_ASAP7_75t_R
u825	AO32x1_ASAP7_75t_R
u826	XOR2x2_ASAP7_75t_R
u827	INVx1_ASAP7_75t_R
u828	NOR2x1_ASAP7_75t_R
u829	OR3x1_ASAP7_75t_R
u830	INVx1_ASAP7_75t_R
u831	NAND2x1_ASAP7_75t_R
u832	INVx1_ASAP7_75t_R
u833	OR2x4_ASAP7_75t_R
u834	OA211x2_ASAP7_75t_R
u835	AO21x1_ASAP7_75t_R
u836	OR2x4_ASAP7_75t_R
u837	OA211x2_ASAP7_75t_R
u838	AO21x1_ASAP7_75t_R
u839	OR2x4_ASAP7_75t_R
u840	OA211x2_ASAP7_75t_R
u841	AO221x2_ASAP7_75t_R
u842	OR2x4_ASAP7_75t_R
u843	OA211x2_ASAP7_75t_R
u844	AO21x1_ASAP7_75t_R
u845	NAND2x1_ASAP7_75t_R
u846	OR2x4_ASAP7_75t_R
u847	OA211x2_ASAP7_75t_R
u848	AO21x1_ASAP7_75t_R
u849	NAND2x1_ASAP7_75t_R
u850	AOI21x1_ASAP7_75t_R
u851	AO21x1_ASAP7_75t_R
u852	AO32x1_ASAP7_75t_R
u853	XOR2x2_ASAP7_75t_R
u854	NAND2x1_ASAP7_75t_R
u855	OA21x2_ASAP7_75t_R
u856	AND3x1_ASAP7_75t_R
u857	INVx1_ASAP7_75t_R
u858	AND3x1_ASAP7_75t_R
u859	AO21x1_ASAP7_75t_R
u860	NAND2x1_ASAP7_75t_R
u861	NAND2x1_ASAP7_75t_R
u862	INVx1_ASAP7_75t_R
u863	NOR2x1_ASAP7_75t_R
u864	OA21x2_ASAP7_75t_R
u865	INVx1_ASAP7_75t_R
u866	OR2x4_ASAP7_75t_R
u867	INVx1_ASAP7_75t_R
u868	NOR2x1_ASAP7_75t_R
u869	AO32x1_ASAP7_75t_R
u870	NAND2x1_ASAP7_75t_R
u871	AND3x1_ASAP7_75t_R
u872	INVx1_ASAP7_75t_R
u873	INVx1_ASAP7_75t_R
u874	NAND2x1_ASAP7_75t_R
u875	OA21x2_ASAP7_75t_R
u876	NAND2x1_ASAP7_75t_R
u877	INVx1_ASAP7_75t_R
u878	AO21x1_ASAP7_75t_R
u879	OR2x4_ASAP7_75t_R
u880	OA211x2_ASAP7_75t_R
u881	AO21x1_ASAP7_75t_R
u882	OR2x4_ASAP7_75t_R
u883	OA211x2_ASAP7_75t_R
u884	AO221x2_ASAP7_75t_R
u885	OR2x4_ASAP7_75t_R
u886	OA211x2_ASAP7_75t_R
u887	AO21x1_ASAP7_75t_R
u888	NAND2x1_ASAP7_75t_R
u889	OR2x4_ASAP7_75t_R
u890	OA211x2_ASAP7_75t_R
u891	AO21x1_ASAP7_75t_R
u892	NAND2x1_ASAP7_75t_R
u893	AOI21x1_ASAP7_75t_R
u894	AO21x1_ASAP7_75t_R
u895	AO32x1_ASAP7_75t_R
u896	XOR2x2_ASAP7_75t_R
u897	OA21x2_ASAP7_75t_R
u898	OA211x2_ASAP7_75t_R
u899	OA21x2_ASAP7_75t_R
u900	INVx1_ASAP7_75t_R
u901	AO21x1_ASAP7_75t_R
u902	AND2x2_ASAP7_75t_R
u903	OR3x1_ASAP7_75t_R
u904	INVx1_ASAP7_75t_R
u905	AND3x1_ASAP7_75t_R
u906	NOR2x1_ASAP7_75t_R
u907	AO221x2_ASAP7_75t_R
u908	XNOR2x2_ASAP7_75t_R
u909	INVx1_ASAP7_75t_R
u910	AO32x1_ASAP7_75t_R
u911	AO32x1_ASAP7_75t_R
u912	AO21x1_ASAP7_75t_R
u913	AND2x2_ASAP7_75t_R
u914	AO221x2_ASAP7_75t_R
u915	NAND2x1_ASAP7_75t_R
u916	AO21x1_ASAP7_75t_R
u917	NAND2x1_ASAP7_75t_R
u918	AOI21x1_ASAP7_75t_R
u919	AO21x1_ASAP7_75t_R
u920	XNOR2x2_ASAP7_75t_R
u921	AO221x2_ASAP7_75t_R
u922	NAND2x1_ASAP7_75t_R
u923	NAND2x1_ASAP7_75t_R
u924	AOI21x1_ASAP7_75t_R
u925	AO21x1_ASAP7_75t_R
u926	AO32x1_ASAP7_75t_R
u927	XOR2x2_ASAP7_75t_R
u928	INVx1_ASAP7_75t_R
u929	AO21x1_ASAP7_75t_R
u930	AO221x2_ASAP7_75t_R
u931	NAND2x1_ASAP7_75t_R
u932	NAND2x1_ASAP7_75t_R
u933	AOI21x1_ASAP7_75t_R
u934	AO21x1_ASAP7_75t_R
u935	AO32x1_ASAP7_75t_R
u936	XOR2x2_ASAP7_75t_R
u937	NAND2x1_ASAP7_75t_R
u938	OR2x4_ASAP7_75t_R
u939	OA211x2_ASAP7_75t_R
u940	AO221x2_ASAP7_75t_R
u941	NAND2x1_ASAP7_75t_R
u942	NAND2x1_ASAP7_75t_R
u943	AOI21x1_ASAP7_75t_R
u944	AO21x1_ASAP7_75t_R
u945	AO32x1_ASAP7_75t_R
u946	XOR2x2_ASAP7_75t_R
u947	OR3x1_ASAP7_75t_R
u948	AND2x2_ASAP7_75t_R
u949	AO221x2_ASAP7_75t_R
u950	NAND2x1_ASAP7_75t_R
u951	NAND2x1_ASAP7_75t_R
u952	AOI21x1_ASAP7_75t_R
u953	AO21x1_ASAP7_75t_R
u954	AO32x1_ASAP7_75t_R
u955	XOR2x2_ASAP7_75t_R
u956	INVx1_ASAP7_75t_R
u957	INVx1_ASAP7_75t_R
u958	OR3x1_ASAP7_75t_R
u959	INVx1_ASAP7_75t_R
u960	AO221x2_ASAP7_75t_R
u961	NAND2x1_ASAP7_75t_R
u962	AO21x1_ASAP7_75t_R
u963	NAND2x1_ASAP7_75t_R
u964	AOI21x1_ASAP7_75t_R
u965	AO21x1_ASAP7_75t_R
u966	AO32x1_ASAP7_75t_R
u967	XOR2x2_ASAP7_75t_R
u968	AND3x1_ASAP7_75t_R
u969	OR3x1_ASAP7_75t_R
u970	AO21x1_ASAP7_75t_R
u971	INVx1_ASAP7_75t_R
u972	OR3x1_ASAP7_75t_R
u973	NAND2x1_ASAP7_75t_R
u974	INVx1_ASAP7_75t_R
u975	NOR2x1_ASAP7_75t_R
u976	NOR2x1_ASAP7_75t_R
u977	INVx1_ASAP7_75t_R
u978	AND2x2_ASAP7_75t_R
u979	OA21x2_ASAP7_75t_R
u980	AO21x1_ASAP7_75t_R
u981	NAND2x1_ASAP7_75t_R
u982	NAND2x1_ASAP7_75t_R
u983	OR3x1_ASAP7_75t_R
u984	AND3x1_ASAP7_75t_R
u985	NAND2x1_ASAP7_75t_R
u986	AND5x1_ASAP7_75t_R
u987	NOR2x1_ASAP7_75t_R
u988	NAND2x1_ASAP7_75t_R
u989	OR3x1_ASAP7_75t_R
u990	INVx1_ASAP7_75t_R
u991	INVx1_ASAP7_75t_R
u992	OA21x2_ASAP7_75t_R
u993	AND3x1_ASAP7_75t_R
u994	NAND2x1_ASAP7_75t_R
u995	INVx1_ASAP7_75t_R
u996	NAND2x1_ASAP7_75t_R
u997	OA211x2_ASAP7_75t_R
u998	INVx1_ASAP7_75t_R
u999	AO22x1_ASAP7_75t_R
u1000	AO21x1_ASAP7_75t_R
u1001	AOI211x1_ASAP7_75t_R
u1002	OA21x2_ASAP7_75t_R
u1003	OR4x2_ASAP7_75t_R
u1004	XNOR2x2_ASAP7_75t_R
u1005	INVx1_ASAP7_75t_R
u1006	AO32x1_ASAP7_75t_R
u1007	NOR2x1_ASAP7_75t_R
u1008	AND3x1_ASAP7_75t_R
u1009	AO21x1_ASAP7_75t_R
u1010	OR3x1_ASAP7_75t_R
u1011	OR3x1_ASAP7_75t_R
u1012	OR3x1_ASAP7_75t_R
u1013	AND5x1_ASAP7_75t_R
u1014	INVx1_ASAP7_75t_R
u1015	NAND2x1_ASAP7_75t_R
u1016	INVx1_ASAP7_75t_R
u1017	INVx1_ASAP7_75t_R
u1018	OR3x1_ASAP7_75t_R
u1019	OA211x2_ASAP7_75t_R
u1020	INVx1_ASAP7_75t_R
u1021	AO21x1_ASAP7_75t_R
u1022	AO32x1_ASAP7_75t_R
u1023	NOR2x1_ASAP7_75t_R
u1024	AO21x1_ASAP7_75t_R
u1025	OR3x1_ASAP7_75t_R
u1026	AO221x2_ASAP7_75t_R
u1027	XNOR2x2_ASAP7_75t_R
u1028	INVx1_ASAP7_75t_R
u1029	AO32x1_ASAP7_75t_R
u1030	AO21x1_ASAP7_75t_R
u1031	AO21x1_ASAP7_75t_R
u1032	INVx1_ASAP7_75t_R
u1033	INVx1_ASAP7_75t_R
u1034	OA211x2_ASAP7_75t_R
u1035	INVx1_ASAP7_75t_R
u1036	AO21x1_ASAP7_75t_R
u1037	OR3x1_ASAP7_75t_R
u1038	INVx1_ASAP7_75t_R
u1039	AO21x1_ASAP7_75t_R
u1040	OA211x2_ASAP7_75t_R
u1041	INVx1_ASAP7_75t_R
u1042	MAJx2_ASAP7_75t_R
u1043	AND3x1_ASAP7_75t_R
u1044	AO221x2_ASAP7_75t_R
u1045	XNOR2x2_ASAP7_75t_R
u1046	INVx1_ASAP7_75t_R
u1047	AO32x1_ASAP7_75t_R
u1048	INVx1_ASAP7_75t_R
u1049	OR3x1_ASAP7_75t_R
u1050	AND3x1_ASAP7_75t_R
u1051	AND2x2_ASAP7_75t_R
u1052	OR3x1_ASAP7_75t_R
u1053	OR3x1_ASAP7_75t_R
u1054	AO21x1_ASAP7_75t_R
u1055	OR3x1_ASAP7_75t_R
u1056	INVx1_ASAP7_75t_R
u1057	AND4x2_ASAP7_75t_R
u1058	OA21x2_ASAP7_75t_R
u1059	INVx1_ASAP7_75t_R
u1060	AND3x1_ASAP7_75t_R
u1061	NOR2x1_ASAP7_75t_R
u1062	AND3x1_ASAP7_75t_R
u1063	OR5x1_ASAP7_75t_R
u1064	AND3x1_ASAP7_75t_R
u1065	NOR2x1_ASAP7_75t_R
u1066	AND3x1_ASAP7_75t_R
u1067	OR3x1_ASAP7_75t_R
u1068	AO21x1_ASAP7_75t_R
u1069	INVx1_ASAP7_75t_R
u1070	AO32x1_ASAP7_75t_R
u1071	AND2x2_ASAP7_75t_R
u1072	AND3x1_ASAP7_75t_R
u1073	INVx1_ASAP7_75t_R
u1074	NAND2x1_ASAP7_75t_R
u1075	OR3x1_ASAP7_75t_R
u1076	NAND2x1_ASAP7_75t_R
u1077	AO21x1_ASAP7_75t_R
u1078	OA211x2_ASAP7_75t_R
u1079	OA211x2_ASAP7_75t_R
u1080	INVx1_ASAP7_75t_R
u1081	NOR2x1_ASAP7_75t_R
u1082	AO32x1_ASAP7_75t_R
u1083	AO221x2_ASAP7_75t_R
u1084	XNOR2x2_ASAP7_75t_R
u1085	INVx1_ASAP7_75t_R
u1086	OA21x2_ASAP7_75t_R
u1087	OA21x2_ASAP7_75t_R
u1088	OA21x2_ASAP7_75t_R
u1089	INVx1_ASAP7_75t_R
u1090	AND3x1_ASAP7_75t_R
u1091	OR3x1_ASAP7_75t_R
u1092	NAND2x1_ASAP7_75t_R
u1093	INVx1_ASAP7_75t_R
u1094	AOI21x1_ASAP7_75t_R
u1095	OA211x2_ASAP7_75t_R
u1096	INVx1_ASAP7_75t_R
u1097	AO32x1_ASAP7_75t_R
u1098	XOR2x2_ASAP7_75t_R
u1099	INVx1_ASAP7_75t_R
u1100	AO32x1_ASAP7_75t_R
u1101	AO21x1_ASAP7_75t_R
u1102	AO221x2_ASAP7_75t_R
u1103	NAND2x1_ASAP7_75t_R
u1104	NAND2x1_ASAP7_75t_R
u1105	AOI21x1_ASAP7_75t_R
u1106	AO21x1_ASAP7_75t_R
u1107	AO32x1_ASAP7_75t_R
u1108	XOR2x2_ASAP7_75t_R
u1109	INVx1_ASAP7_75t_R
u1110	AO221x2_ASAP7_75t_R
u1111	NAND2x1_ASAP7_75t_R
u1112	AO21x1_ASAP7_75t_R
u1113	NAND2x1_ASAP7_75t_R
u1114	AOI21x1_ASAP7_75t_R
u1115	AO21x1_ASAP7_75t_R
u1116	AO32x1_ASAP7_75t_R
u1117	XOR2x2_ASAP7_75t_R
u1118	NAND2x1_ASAP7_75t_R
u1119	INVx1_ASAP7_75t_R
u1120	AO21x1_ASAP7_75t_R
u1121	AO221x2_ASAP7_75t_R
u1122	OR2x4_ASAP7_75t_R
u1123	OA211x2_ASAP7_75t_R
u1124	AO21x1_ASAP7_75t_R
u1125	NAND2x1_ASAP7_75t_R
u1126	OR2x4_ASAP7_75t_R
u1127	OA211x2_ASAP7_75t_R
u1128	AO21x1_ASAP7_75t_R
u1129	NAND2x1_ASAP7_75t_R
u1130	AOI21x1_ASAP7_75t_R
u1131	AO21x1_ASAP7_75t_R
u1132	AO32x1_ASAP7_75t_R
u1133	XOR2x2_ASAP7_75t_R
u1134	INVx1_ASAP7_75t_R
u1135	AO221x2_ASAP7_75t_R
u1136	NAND2x1_ASAP7_75t_R
u1137	NAND2x1_ASAP7_75t_R
u1138	AOI21x1_ASAP7_75t_R
u1139	AO21x1_ASAP7_75t_R
u1140	AO32x1_ASAP7_75t_R
u1141	XOR2x2_ASAP7_75t_R
u1142	NAND2x1_ASAP7_75t_R
u1143	AO21x1_ASAP7_75t_R
u1144	AO221x2_ASAP7_75t_R
u1145	NAND2x1_ASAP7_75t_R
u1146	AO21x1_ASAP7_75t_R
u1147	NAND2x1_ASAP7_75t_R
u1148	AOI21x1_ASAP7_75t_R
u1149	AO21x1_ASAP7_75t_R
u1150	AO32x1_ASAP7_75t_R
u1151	XOR2x2_ASAP7_75t_R
u1152	INVx1_ASAP7_75t_R
u1153	OR3x1_ASAP7_75t_R
u1154	OA21x2_ASAP7_75t_R
u1155	NAND2x1_ASAP7_75t_R
u1156	INVx1_ASAP7_75t_R
u1157	INVx1_ASAP7_75t_R
u1158	AND3x1_ASAP7_75t_R
u1159	AO21x1_ASAP7_75t_R
u1160	INVx1_ASAP7_75t_R
u1161	NAND2x1_ASAP7_75t_R
u1162	NOR2x1_ASAP7_75t_R
u1163	NOR2x1_ASAP7_75t_R
u1164	AND3x1_ASAP7_75t_R
u1165	AND3x1_ASAP7_75t_R
u1166	NOR2x1_ASAP7_75t_R
u1167	AND3x1_ASAP7_75t_R
u1168	AO221x2_ASAP7_75t_R
u1169	AO21x1_ASAP7_75t_R
u1170	OR2x4_ASAP7_75t_R
u1171	OA211x2_ASAP7_75t_R
u1172	AO221x2_ASAP7_75t_R
u1173	NAND2x1_ASAP7_75t_R
u1174	NAND2x1_ASAP7_75t_R
u1175	AOI21x1_ASAP7_75t_R
u1176	AO21x1_ASAP7_75t_R
u1177	AO32x1_ASAP7_75t_R
u1178	XOR2x2_ASAP7_75t_R
u1179	INVx1_ASAP7_75t_R
u1180	OA21x2_ASAP7_75t_R
u1181	NOR2x1_ASAP7_75t_R
u1182	INVx1_ASAP7_75t_R
u1183	NAND2x1_ASAP7_75t_R
u1184	OA211x2_ASAP7_75t_R
u1185	INVx1_ASAP7_75t_R
u1186	OR3x1_ASAP7_75t_R
u1187	NAND2x1_ASAP7_75t_R
u1188	AND3x1_ASAP7_75t_R
u1189	AND2x2_ASAP7_75t_R
u1190	AO21x1_ASAP7_75t_R
u1191	INVx1_ASAP7_75t_R
u1192	AND3x1_ASAP7_75t_R
u1193	AO21x1_ASAP7_75t_R
u1194	AND2x2_ASAP7_75t_R
u1195	AO32x1_ASAP7_75t_R
u1196	NOR2x1_ASAP7_75t_R
u1197	AO21x1_ASAP7_75t_R
u1198	INVx1_ASAP7_75t_R
u1199	OA21x2_ASAP7_75t_R
u1200	INVx1_ASAP7_75t_R
u1201	AND2x2_ASAP7_75t_R
u1202	OR3x1_ASAP7_75t_R
u1203	NOR2x1_ASAP7_75t_R
u1204	AND3x1_ASAP7_75t_R
u1205	OR3x1_ASAP7_75t_R
u1206	INVx1_ASAP7_75t_R
u1207	OR3x1_ASAP7_75t_R
u1208	OA211x2_ASAP7_75t_R
u1209	OA21x2_ASAP7_75t_R
u1210	OA21x2_ASAP7_75t_R
u1211	NOR2x1_ASAP7_75t_R
u1212	OR4x2_ASAP7_75t_R
u1213	XNOR2x2_ASAP7_75t_R
u1214	AO32x1_ASAP7_75t_R
u1215	AO32x1_ASAP7_75t_R
u1216	NOR2x1_ASAP7_75t_R
u1217	AND2x2_ASAP7_75t_R
u1218	NOR2x1_ASAP7_75t_R
u1219	AO21x1_ASAP7_75t_R
u1220	AO221x2_ASAP7_75t_R
u1221	OR3x1_ASAP7_75t_R
u1222	OA21x2_ASAP7_75t_R
u1223	AO21x1_ASAP7_75t_R
u1224	INVx1_ASAP7_75t_R
u1225	OA211x2_ASAP7_75t_R
u1226	NOR2x1_ASAP7_75t_R
u1227	OR3x1_ASAP7_75t_R
u1228	AND3x1_ASAP7_75t_R
u1229	AOI21x1_ASAP7_75t_R
u1230	OA21x2_ASAP7_75t_R
u1231	OA21x2_ASAP7_75t_R
u1232	NOR2x1_ASAP7_75t_R
u1233	OR3x1_ASAP7_75t_R
u1234	AND3x1_ASAP7_75t_R
u1235	AND3x1_ASAP7_75t_R
u1236	INVx1_ASAP7_75t_R
u1237	NOR2x1_ASAP7_75t_R
u1238	AOI221x1_ASAP7_75t_R
u1239	AOI21x1_ASAP7_75t_R
u1240	OA211x2_ASAP7_75t_R
u1241	INVx1_ASAP7_75t_R
u1242	AO32x1_ASAP7_75t_R
u1243	XOR2x2_ASAP7_75t_R
u1244	AND3x1_ASAP7_75t_R
u1245	OAI21x1_ASAP7_75t_R
u1246	OA211x2_ASAP7_75t_R
u1247	OA21x2_ASAP7_75t_R
u1248	INVx1_ASAP7_75t_R
u1249	AO32x1_ASAP7_75t_R
u1250	XOR2x2_ASAP7_75t_R
u1251	AO221x2_ASAP7_75t_R
u1252	AO21x1_ASAP7_75t_R
u1253	NAND2x1_ASAP7_75t_R
u1254	NAND2x1_ASAP7_75t_R
u1255	AOI21x1_ASAP7_75t_R
u1256	AO21x1_ASAP7_75t_R
u1257	AO32x1_ASAP7_75t_R
u1258	XOR2x2_ASAP7_75t_R
u1259	AO21x1_ASAP7_75t_R
u1260	AO221x2_ASAP7_75t_R
u1261	NAND2x1_ASAP7_75t_R
u1262	NAND2x1_ASAP7_75t_R
u1263	AOI21x1_ASAP7_75t_R
u1264	AO21x1_ASAP7_75t_R
u1265	XOR2x2_ASAP7_75t_R
u1266	INVx1_ASAP7_75t_R
u1267	AO221x2_ASAP7_75t_R
u1268	NAND2x1_ASAP7_75t_R
u1269	NAND2x1_ASAP7_75t_R
u1270	AOI21x1_ASAP7_75t_R
u1271	AO21x1_ASAP7_75t_R
u1272	XOR2x2_ASAP7_75t_R
u1273	INVx1_ASAP7_75t_R
u1274	AO21x1_ASAP7_75t_R
u1275	AO221x2_ASAP7_75t_R
u1276	NAND2x1_ASAP7_75t_R
u1277	NAND2x1_ASAP7_75t_R
u1278	AOI21x1_ASAP7_75t_R
u1279	AO21x1_ASAP7_75t_R
u1280	AO32x1_ASAP7_75t_R
u1281	XOR2x2_ASAP7_75t_R
u1282	INVx1_ASAP7_75t_R
u1283	AO221x2_ASAP7_75t_R
u1284	NAND2x1_ASAP7_75t_R
u1285	NAND2x1_ASAP7_75t_R
u1286	AOI21x1_ASAP7_75t_R
u1287	AO21x1_ASAP7_75t_R
u1288	XOR2x2_ASAP7_75t_R
u1289	INVx1_ASAP7_75t_R
u1290	OR3x1_ASAP7_75t_R
u1291	INVx1_ASAP7_75t_R
u1292	NAND2x1_ASAP7_75t_R
u1293	NAND2x1_ASAP7_75t_R
u1294	AND2x2_ASAP7_75t_R
u1295	OR4x2_ASAP7_75t_R
u1296	INVx1_ASAP7_75t_R
u1297	OR3x1_ASAP7_75t_R
u1298	OA211x2_ASAP7_75t_R
u1299	OAI21x1_ASAP7_75t_R
u1300	AND3x1_ASAP7_75t_R
u1301	NOR2x1_ASAP7_75t_R
u1302	AND3x1_ASAP7_75t_R
u1303	NAND2x1_ASAP7_75t_R
u1304	INVx1_ASAP7_75t_R
u1305	OR3x1_ASAP7_75t_R
u1306	OR3x1_ASAP7_75t_R
u1307	OA21x2_ASAP7_75t_R
u1308	NAND2x1_ASAP7_75t_R
u1309	NOR2x1_ASAP7_75t_R
u1310	AND2x2_ASAP7_75t_R
u1311	OR3x1_ASAP7_75t_R
u1312	INVx1_ASAP7_75t_R
u1313	AO21x1_ASAP7_75t_R
u1314	NAND2x1_ASAP7_75t_R
u1315	NAND2x1_ASAP7_75t_R
u1316	AND3x1_ASAP7_75t_R
u1317	AND3x1_ASAP7_75t_R
u1318	AND3x1_ASAP7_75t_R
u1319	NOR2x1_ASAP7_75t_R
u1320	OA21x2_ASAP7_75t_R
u1321	AND3x1_ASAP7_75t_R
u1322	OA21x2_ASAP7_75t_R
u1323	AND4x2_ASAP7_75t_R
u1324	OR3x1_ASAP7_75t_R
u1325	NOR2x1_ASAP7_75t_R
u1326	OR3x1_ASAP7_75t_R
u1327	INVx1_ASAP7_75t_R
u1328	OR3x1_ASAP7_75t_R
u1329	AO21x1_ASAP7_75t_R
u1330	AO221x2_ASAP7_75t_R
u1331	NAND2x1_ASAP7_75t_R
u1332	NAND2x1_ASAP7_75t_R
u1333	AOI21x1_ASAP7_75t_R
u1334	AO21x1_ASAP7_75t_R
u1335	XNOR2x2_ASAP7_75t_R
u1336	AOI21x1_ASAP7_75t_R
u1337	AND3x1_ASAP7_75t_R
u1338	NOR2x1_ASAP7_75t_R
u1339	AND3x1_ASAP7_75t_R
u1340	OR4x2_ASAP7_75t_R
u1341	INVx1_ASAP7_75t_R
u1342	AO32x1_ASAP7_75t_R
u1343	XOR2x2_ASAP7_75t_R
u1344	INVx1_ASAP7_75t_R
u1345	AO32x1_ASAP7_75t_R
u1346	AO221x2_ASAP7_75t_R
u1347	NAND2x1_ASAP7_75t_R
u1348	AO21x1_ASAP7_75t_R
u1349	NAND2x1_ASAP7_75t_R
u1350	AOI21x1_ASAP7_75t_R
u1351	AO21x1_ASAP7_75t_R
u1352	XOR2x2_ASAP7_75t_R
u1353	AO221x2_ASAP7_75t_R
u1354	NAND2x1_ASAP7_75t_R
u1355	NAND2x1_ASAP7_75t_R
u1356	AOI21x1_ASAP7_75t_R
u1357	AO21x1_ASAP7_75t_R
u1358	XOR2x2_ASAP7_75t_R
u1359	AO21x1_ASAP7_75t_R
u1360	AO221x2_ASAP7_75t_R
u1361	NAND2x1_ASAP7_75t_R
u1362	NAND2x1_ASAP7_75t_R
u1363	AOI21x1_ASAP7_75t_R
u1364	AO21x1_ASAP7_75t_R
u1365	AO32x1_ASAP7_75t_R
u1366	XOR2x2_ASAP7_75t_R
u1367	OR3x1_ASAP7_75t_R
u1368	INVx1_ASAP7_75t_R
u1369	AND3x1_ASAP7_75t_R
u1370	AO221x2_ASAP7_75t_R
u1371	AO21x1_ASAP7_75t_R
u1372	INVx1_ASAP7_75t_R
u1373	AND2x2_ASAP7_75t_R
u1374	AO21x1_ASAP7_75t_R
u1375	AO32x1_ASAP7_75t_R
u1376	XOR2x2_ASAP7_75t_R
u1377	INVx1_ASAP7_75t_R
u1378	AND3x1_ASAP7_75t_R
u1379	AND2x2_ASAP7_75t_R
u1380	INVx1_ASAP7_75t_R
u1381	INVx1_ASAP7_75t_R
u1382	AO22x1_ASAP7_75t_R
u1383	INVx1_ASAP7_75t_R
u1384	OAI21x1_ASAP7_75t_R
u1385	AND2x2_ASAP7_75t_R
u1386	AO221x2_ASAP7_75t_R
u1387	AO21x1_ASAP7_75t_R
u1388	AO21x1_ASAP7_75t_R
u1389	AND2x2_ASAP7_75t_R
u1390	AO21x1_ASAP7_75t_R
u1391	XOR2x2_ASAP7_75t_R
u1392	AOI21x1_ASAP7_75t_R
u1393	AND3x1_ASAP7_75t_R
u1394	NOR2x1_ASAP7_75t_R
u1395	AND3x1_ASAP7_75t_R
u1396	OR3x1_ASAP7_75t_R
u1397	AND2x2_ASAP7_75t_R
u1398	OR3x1_ASAP7_75t_R
u1399	INVx1_ASAP7_75t_R
u1400	AO21x1_ASAP7_75t_R
u1401	OR4x2_ASAP7_75t_R
u1402	INVx1_ASAP7_75t_R
u1403	NAND2x1_ASAP7_75t_R
u1404	XOR2x2_ASAP7_75t_R
u1405	AO21x1_ASAP7_75t_R
u1406	OA21x2_ASAP7_75t_R
u1407	NAND2x1_ASAP7_75t_R
u1408	NAND2x1_ASAP7_75t_R
u1409	OR3x1_ASAP7_75t_R
u1410	OA21x2_ASAP7_75t_R
u1411	NOR2x1_ASAP7_75t_R
u1412	AOI21x1_ASAP7_75t_R
u1413	AO221x2_ASAP7_75t_R
u1414	NAND2x1_ASAP7_75t_R
u1415	NAND2x1_ASAP7_75t_R
u1416	AOI21x1_ASAP7_75t_R
u1417	AO21x1_ASAP7_75t_R
u1418	XOR2x2_ASAP7_75t_R
u1419	INVx1_ASAP7_75t_R
u1420	AO21x1_ASAP7_75t_R
u1421	NOR2x1_ASAP7_75t_R
u1422	INVx1_ASAP7_75t_R
u1423	AO21x1_ASAP7_75t_R
u1424	NAND2x1_ASAP7_75t_R
u1425	AND3x1_ASAP7_75t_R
u1426	OR3x1_ASAP7_75t_R
u1427	INVx1_ASAP7_75t_R
u1428	OR3x1_ASAP7_75t_R
u1429	NAND2x1_ASAP7_75t_R
u1430	OA211x2_ASAP7_75t_R
u1431	AO32x1_ASAP7_75t_R
u1432	NOR2x1_ASAP7_75t_R
u1433	INVx1_ASAP7_75t_R
u1434	AOI22x1_ASAP7_75t_R
u1435	AND4x2_ASAP7_75t_R
u1436	XNOR2x2_ASAP7_75t_R
u1437	INVx1_ASAP7_75t_R
u1438	AO32x1_ASAP7_75t_R
u1439	AO221x2_ASAP7_75t_R
u1440	NAND2x1_ASAP7_75t_R
u1441	NAND2x1_ASAP7_75t_R
u1442	AOI21x1_ASAP7_75t_R
u1443	AO21x1_ASAP7_75t_R
u1444	XOR2x2_ASAP7_75t_R
u1445	AO221x2_ASAP7_75t_R
u1446	NAND2x1_ASAP7_75t_R
u1447	NAND2x1_ASAP7_75t_R
u1448	AOI21x1_ASAP7_75t_R
u1449	AO21x1_ASAP7_75t_R
u1450	XOR2x2_ASAP7_75t_R
u1451	AO221x2_ASAP7_75t_R
u1452	NAND2x1_ASAP7_75t_R
u1453	NAND2x1_ASAP7_75t_R
u1454	AOI21x1_ASAP7_75t_R
u1455	AO21x1_ASAP7_75t_R
u1456	XOR2x2_ASAP7_75t_R
u1457	AO221x2_ASAP7_75t_R
u1458	NAND2x1_ASAP7_75t_R
u1459	NAND2x1_ASAP7_75t_R
u1460	AOI21x1_ASAP7_75t_R
u1461	AO21x1_ASAP7_75t_R
u1462	AO32x1_ASAP7_75t_R
u1463	XOR2x2_ASAP7_75t_R
u1464	INVx1_ASAP7_75t_R
u1465	OR3x1_ASAP7_75t_R
u1466	INVx1_ASAP7_75t_R
u1467	INVx1_ASAP7_75t_R
u1468	AO221x2_ASAP7_75t_R
u1469	NAND2x1_ASAP7_75t_R
u1470	NAND2x1_ASAP7_75t_R
u1471	AOI21x1_ASAP7_75t_R
u1472	AO21x1_ASAP7_75t_R
u1473	AO32x1_ASAP7_75t_R
u1474	XOR2x2_ASAP7_75t_R
u1475	INVx1_ASAP7_75t_R
u1476	OR3x1_ASAP7_75t_R
u1477	AO221x2_ASAP7_75t_R
u1478	NAND2x1_ASAP7_75t_R
u1479	NAND2x1_ASAP7_75t_R
u1480	AOI21x1_ASAP7_75t_R
u1481	AO21x1_ASAP7_75t_R
u1482	XOR2x2_ASAP7_75t_R
u1483	AO21x1_ASAP7_75t_R
u1484	NAND2x1_ASAP7_75t_R
u1485	NAND2x1_ASAP7_75t_R
u1486	AND2x2_ASAP7_75t_R
u1487	INVx1_ASAP7_75t_R
u1488	AND2x2_ASAP7_75t_R
u1489	NOR2x1_ASAP7_75t_R
u1490	NOR2x1_ASAP7_75t_R
u1491	OR3x1_ASAP7_75t_R
u1492	INVx1_ASAP7_75t_R
u1493	AO21x1_ASAP7_75t_R
u1494	AO22x1_ASAP7_75t_R
u1495	NAND2x1_ASAP7_75t_R
u1496	INVx1_ASAP7_75t_R
u1497	NAND2x1_ASAP7_75t_R
u1498	INVx1_ASAP7_75t_R
u1499	OR3x1_ASAP7_75t_R
u1500	OAI21x1_ASAP7_75t_R
u1501	INVx1_ASAP7_75t_R
u1502	AND3x1_ASAP7_75t_R
u1503	AO21x1_ASAP7_75t_R
u1504	AO32x1_ASAP7_75t_R
u1505	NAND2x1_ASAP7_75t_R
u1506	INVx1_ASAP7_75t_R
u1507	AO21x1_ASAP7_75t_R
u1508	AO21x1_ASAP7_75t_R
u1509	AND3x1_ASAP7_75t_R
u1510	AOI21x1_ASAP7_75t_R
u1511	OR3x1_ASAP7_75t_R
u1512	NAND2x1_ASAP7_75t_R
u1513	NOR2x1_ASAP7_75t_R
u1514	AO32x1_ASAP7_75t_R
u1515	INVx1_ASAP7_75t_R
u1516	INVx1_ASAP7_75t_R
u1517	AO21x1_ASAP7_75t_R
u1518	AO32x1_ASAP7_75t_R
u1519	INVx1_ASAP7_75t_R
u1520	OA211x2_ASAP7_75t_R
u1521	AO21x1_ASAP7_75t_R
u1522	INVx1_ASAP7_75t_R
u1523	OAI21x1_ASAP7_75t_R
u1524	OR3x1_ASAP7_75t_R
u1525	AO21x1_ASAP7_75t_R
u1526	OR3x1_ASAP7_75t_R
u1527	NAND2x1_ASAP7_75t_R
u1528	AO21x1_ASAP7_75t_R
u1529	INVx1_ASAP7_75t_R
u1530	AND3x1_ASAP7_75t_R
u1531	OR4x2_ASAP7_75t_R
u1532	OA211x2_ASAP7_75t_R
u1533	XNOR2x2_ASAP7_75t_R
u1534	INVx1_ASAP7_75t_R
u1535	AO32x1_ASAP7_75t_R
u1536	OA21x2_ASAP7_75t_R
u1537	NOR2x1_ASAP7_75t_R
u1538	OR3x1_ASAP7_75t_R
u1539	AND3x1_ASAP7_75t_R
u1540	OR4x2_ASAP7_75t_R
u1541	INVx1_ASAP7_75t_R
u1542	NAND2x1_ASAP7_75t_R
u1543	AO32x1_ASAP7_75t_R
u1544	AO221x2_ASAP7_75t_R
u1545	AO21x1_ASAP7_75t_R
u1546	XNOR2x2_ASAP7_75t_R
u1547	AO21x1_ASAP7_75t_R
u1548	AO32x1_ASAP7_75t_R
u1549	NAND2x1_ASAP7_75t_R
u1550	INVx1_ASAP7_75t_R
u1551	OR5x1_ASAP7_75t_R
u1552	OR3x1_ASAP7_75t_R
u1553	AND3x1_ASAP7_75t_R
u1554	INVx1_ASAP7_75t_R
u1555	OR3x1_ASAP7_75t_R
u1556	AO21x1_ASAP7_75t_R
u1557	AO32x1_ASAP7_75t_R
u1558	OAI21x1_ASAP7_75t_R
u1559	AND5x1_ASAP7_75t_R
u1560	INVx1_ASAP7_75t_R
u1561	AO32x1_ASAP7_75t_R
u1562	XOR2x2_ASAP7_75t_R
u1563	INVx1_ASAP7_75t_R
u1564	AO32x1_ASAP7_75t_R
u1565	AO221x2_ASAP7_75t_R
u1566	NAND2x1_ASAP7_75t_R
u1567	NAND2x1_ASAP7_75t_R
u1568	AOI21x1_ASAP7_75t_R
u1569	AO21x1_ASAP7_75t_R
u1570	AO32x1_ASAP7_75t_R
u1571	XOR2x2_ASAP7_75t_R
u1572	AO221x2_ASAP7_75t_R
u1573	NAND2x1_ASAP7_75t_R
u1574	NAND2x1_ASAP7_75t_R
u1575	AOI21x1_ASAP7_75t_R
u1576	AO21x1_ASAP7_75t_R
u1577	AO32x1_ASAP7_75t_R
u1578	XOR2x2_ASAP7_75t_R
u1579	INVx1_ASAP7_75t_R
u1580	AO221x2_ASAP7_75t_R
u1581	NAND2x1_ASAP7_75t_R
u1582	NAND2x1_ASAP7_75t_R
u1583	AOI21x1_ASAP7_75t_R
u1584	AO21x1_ASAP7_75t_R
u1585	XOR2x2_ASAP7_75t_R
u1586	NAND2x1_ASAP7_75t_R
u1587	AO221x2_ASAP7_75t_R
u1588	NAND2x1_ASAP7_75t_R
u1589	NAND2x1_ASAP7_75t_R
u1590	AOI21x1_ASAP7_75t_R
u1591	AO21x1_ASAP7_75t_R
u1592	XOR2x2_ASAP7_75t_R
u1593	INVx1_ASAP7_75t_R
u1594	INVx1_ASAP7_75t_R
u1595	OR3x1_ASAP7_75t_R
u1596	OA21x2_ASAP7_75t_R
u1597	NOR2x1_ASAP7_75t_R
u1598	AO221x2_ASAP7_75t_R
u1599	AO21x1_ASAP7_75t_R
u1600	AND2x2_ASAP7_75t_R
u1601	AO21x1_ASAP7_75t_R
u1602	XOR2x2_ASAP7_75t_R
u1603	AND3x1_ASAP7_75t_R
u1604	OR3x1_ASAP7_75t_R
u1605	NOR2x1_ASAP7_75t_R
u1606	INVx1_ASAP7_75t_R
u1607	AND3x1_ASAP7_75t_R
u1608	AOI21x1_ASAP7_75t_R
u1609	AO221x2_ASAP7_75t_R
u1610	NAND2x1_ASAP7_75t_R
u1611	NAND2x1_ASAP7_75t_R
u1612	AOI21x1_ASAP7_75t_R
u1613	AO21x1_ASAP7_75t_R
u1614	XOR2x2_ASAP7_75t_R
u1615	INVx1_ASAP7_75t_R
u1616	NAND2x1_ASAP7_75t_R
u1617	AND3x1_ASAP7_75t_R
u1618	INVx1_ASAP7_75t_R
u1619	OA211x2_ASAP7_75t_R
u1620	OAI21x1_ASAP7_75t_R
u1621	INVx1_ASAP7_75t_R
u1622	AO21x1_ASAP7_75t_R
u1623	AO21x1_ASAP7_75t_R
u1624	NOR2x1_ASAP7_75t_R
u1625	AND2x2_ASAP7_75t_R
u1626	NOR2x1_ASAP7_75t_R
u1627	NOR2x1_ASAP7_75t_R
u1628	NAND2x1_ASAP7_75t_R
u1629	OR3x1_ASAP7_75t_R
u1630	AND3x1_ASAP7_75t_R
u1631	AO32x1_ASAP7_75t_R
u1632	AO21x1_ASAP7_75t_R
u1633	OR3x1_ASAP7_75t_R
u1634	NOR2x1_ASAP7_75t_R
u1635	INVx1_ASAP7_75t_R
u1636	AO21x1_ASAP7_75t_R
u1637	NAND2x1_ASAP7_75t_R
u1638	AO221x2_ASAP7_75t_R
u1639	XNOR2x2_ASAP7_75t_R
u1640	INVx1_ASAP7_75t_R
u1641	AO32x1_ASAP7_75t_R
u1642	OA22x2_ASAP7_75t_R
u1643	NAND2x1_ASAP7_75t_R
u1644	OR3x1_ASAP7_75t_R
u1645	AND3x1_ASAP7_75t_R
u1646	INVx1_ASAP7_75t_R
u1647	AND3x1_ASAP7_75t_R
u1648	AO221x2_ASAP7_75t_R
u1649	AO21x1_ASAP7_75t_R
u1650	AO21x1_ASAP7_75t_R
u1651	NAND2x1_ASAP7_75t_R
u1652	AO221x2_ASAP7_75t_R
u1653	XNOR2x2_ASAP7_75t_R
u1654	AO21x1_ASAP7_75t_R
u1655	AO21x1_ASAP7_75t_R
u1656	AOI21x1_ASAP7_75t_R
u1657	AND3x1_ASAP7_75t_R
u1658	INVx1_ASAP7_75t_R
u1659	INVx1_ASAP7_75t_R
u1660	AO21x1_ASAP7_75t_R
u1661	AO221x2_ASAP7_75t_R
u1662	AOI21x1_ASAP7_75t_R
u1663	OA21x2_ASAP7_75t_R
u1664	INVx1_ASAP7_75t_R
u1665	AO32x1_ASAP7_75t_R
u1666	XOR2x2_ASAP7_75t_R
u1667	INVx1_ASAP7_75t_R
u1668	AO32x1_ASAP7_75t_R
u1669	INVx1_ASAP7_75t_R
u1670	AO32x1_ASAP7_75t_R
u1671	OA21x2_ASAP7_75t_R
u1672	NOR2x1_ASAP7_75t_R
u1673	AO21x1_ASAP7_75t_R
u1674	INVx1_ASAP7_75t_R
u1675	OA211x2_ASAP7_75t_R
u1676	NOR2x1_ASAP7_75t_R
u1677	OA21x2_ASAP7_75t_R
u1678	OR3x1_ASAP7_75t_R
u1679	XNOR2x2_ASAP7_75t_R
u1680	INVx1_ASAP7_75t_R
u1681	AO32x1_ASAP7_75t_R
u1682	NAND2x1_ASAP7_75t_R
u1683	NAND2x1_ASAP7_75t_R
u1684	INVx1_ASAP7_75t_R
u1685	AO21x1_ASAP7_75t_R
u1686	INVx1_ASAP7_75t_R
u1687	NOR2x1_ASAP7_75t_R
u1688	INVx1_ASAP7_75t_R
u1689	OA21x2_ASAP7_75t_R
u1690	AO21x1_ASAP7_75t_R
u1691	AO21x1_ASAP7_75t_R
u1692	OA211x2_ASAP7_75t_R
u1693	NOR2x1_ASAP7_75t_R
u1694	AO221x2_ASAP7_75t_R
u1695	AO21x1_ASAP7_75t_R
u1696	XNOR2x2_ASAP7_75t_R
u1697	INVx1_ASAP7_75t_R
u1698	AO32x1_ASAP7_75t_R
u1699	AND3x1_ASAP7_75t_R
u1700	INVx1_ASAP7_75t_R
u1701	OA21x2_ASAP7_75t_R
u1702	INVx1_ASAP7_75t_R
u1703	NAND2x1_ASAP7_75t_R
u1704	NAND2x1_ASAP7_75t_R
u1705	AO21x1_ASAP7_75t_R
u1706	OA211x2_ASAP7_75t_R
u1707	AOI211x1_ASAP7_75t_R
u1708	AO21x1_ASAP7_75t_R
u1709	OR4x2_ASAP7_75t_R
u1710	AO32x1_ASAP7_75t_R
u1711	OA21x2_ASAP7_75t_R
u1712	XNOR2x2_ASAP7_75t_R
u1713	INVx1_ASAP7_75t_R
u1714	AO32x1_ASAP7_75t_R
u1715	OR2x4_ASAP7_75t_R
u1716	INVx1_ASAP7_75t_R
u1717	OA211x2_ASAP7_75t_R
u1718	INVx1_ASAP7_75t_R
u1719	OR3x1_ASAP7_75t_R
u1720	INVx1_ASAP7_75t_R
u1721	OA21x2_ASAP7_75t_R
u1722	OA21x2_ASAP7_75t_R
u1723	NOR2x1_ASAP7_75t_R
u1724	OA211x2_ASAP7_75t_R
u1725	AO221x2_ASAP7_75t_R
u1726	OR3x1_ASAP7_75t_R
u1727	XNOR2x2_ASAP7_75t_R
u1728	INVx1_ASAP7_75t_R
u1729	AO32x1_ASAP7_75t_R
u1730	OA21x2_ASAP7_75t_R
u1731	INVx1_ASAP7_75t_R
u1732	OR3x1_ASAP7_75t_R
u1733	OAI22x1_ASAP7_75t_R
u1734	AND2x2_ASAP7_75t_R
u1735	OA21x2_ASAP7_75t_R
u1736	OAI21x1_ASAP7_75t_R
u1737	AO32x1_ASAP7_75t_R
u1738	AO21x1_ASAP7_75t_R
u1739	AOI21x1_ASAP7_75t_R
u1740	AND3x1_ASAP7_75t_R
u1741	OA21x2_ASAP7_75t_R
u1742	AO221x2_ASAP7_75t_R
u1743	XNOR2x2_ASAP7_75t_R
u1744	INVx1_ASAP7_75t_R
u1745	OR3x1_ASAP7_75t_R
u1746	OAI21x1_ASAP7_75t_R
u1747	AO32x1_ASAP7_75t_R
u1748	AO21x1_ASAP7_75t_R
u1749	INVx1_ASAP7_75t_R
u1750	AO32x1_ASAP7_75t_R
u1751	XOR2x2_ASAP7_75t_R
u1752	INVx1_ASAP7_75t_R
u1753	AO32x1_ASAP7_75t_R
u1754	AND3x1_ASAP7_75t_R
u1755	AND3x1_ASAP7_75t_R
u1756	OR3x1_ASAP7_75t_R
u1757	AO221x2_ASAP7_75t_R
u1758	AO32x1_ASAP7_75t_R
u1759	AO21x1_ASAP7_75t_R
u1760	NAND2x1_ASAP7_75t_R
u1761	AND3x1_ASAP7_75t_R
u1762	INVx1_ASAP7_75t_R
u1763	INVx1_ASAP7_75t_R
u1764	AND3x1_ASAP7_75t_R
u1765	OR3x1_ASAP7_75t_R
u1766	INVx1_ASAP7_75t_R
u1767	NAND2x1_ASAP7_75t_R
u1768	NOR2x1_ASAP7_75t_R
u1769	INVx1_ASAP7_75t_R
u1770	AND3x1_ASAP7_75t_R
u1771	OR3x1_ASAP7_75t_R
u1772	OA21x2_ASAP7_75t_R
u1773	AND3x1_ASAP7_75t_R
u1774	OA21x2_ASAP7_75t_R
u1775	AND3x1_ASAP7_75t_R
u1776	OA211x2_ASAP7_75t_R
u1777	OR3x1_ASAP7_75t_R
u1778	INVx1_ASAP7_75t_R
u1779	OR5x1_ASAP7_75t_R
u1780	AO21x1_ASAP7_75t_R
u1781	XNOR2x2_ASAP7_75t_R
u1782	AO21x1_ASAP7_75t_R
u1783	AO21x1_ASAP7_75t_R
u1784	INVx1_ASAP7_75t_R
u1785	OA211x2_ASAP7_75t_R
u1786	OR4x2_ASAP7_75t_R
u1787	AOI211x1_ASAP7_75t_R
u1788	AND2x2_ASAP7_75t_R
u1789	AO32x1_ASAP7_75t_R
u1790	INVx1_ASAP7_75t_R
u1791	OA21x2_ASAP7_75t_R
u1792	INVx1_ASAP7_75t_R
u1793	AO32x1_ASAP7_75t_R
u1794	XOR2x2_ASAP7_75t_R
u1795	AND2x2_ASAP7_75t_R
u1796	AO221x2_ASAP7_75t_R
u1797	INVx1_ASAP7_75t_R
u1798	AO32x1_ASAP7_75t_R
u1799	XOR2x2_ASAP7_75t_R
u1800	INVx1_ASAP7_75t_R
u1801	NAND2x1_ASAP7_75t_R
u1802	OA21x2_ASAP7_75t_R
u1803	OA21x2_ASAP7_75t_R
u1804	OA21x2_ASAP7_75t_R
u1805	AO21x1_ASAP7_75t_R
u1806	OA21x2_ASAP7_75t_R
u1807	NAND2x1_ASAP7_75t_R
u1808	OR3x1_ASAP7_75t_R
u1809	OA21x2_ASAP7_75t_R
u1810	OA211x2_ASAP7_75t_R
u1811	INVx1_ASAP7_75t_R
u1812	AO32x1_ASAP7_75t_R
u1813	XOR2x2_ASAP7_75t_R
u1814	NAND2x1_ASAP7_75t_R
u1815	AND3x1_ASAP7_75t_R
u1816	OA211x2_ASAP7_75t_R
u1817	INVx1_ASAP7_75t_R
u1818	AOI211x1_ASAP7_75t_R
u1819	AND3x1_ASAP7_75t_R
u1820	AO21x1_ASAP7_75t_R
u1821	INVx1_ASAP7_75t_R
u1822	OA211x2_ASAP7_75t_R
u1823	AND3x1_ASAP7_75t_R
u1824	AOI211x1_ASAP7_75t_R
u1825	OA21x2_ASAP7_75t_R
u1826	OA21x2_ASAP7_75t_R
u1827	INVx1_ASAP7_75t_R
u1828	AO32x1_ASAP7_75t_R
u1829	XOR2x2_ASAP7_75t_R
u1830	INVx1_ASAP7_75t_R
u1831	AO32x1_ASAP7_75t_R
u1832	INVx1_ASAP7_75t_R
u1833	OA21x2_ASAP7_75t_R
u1834	INVx1_ASAP7_75t_R
u1835	AND3x1_ASAP7_75t_R
u1836	OR3x1_ASAP7_75t_R
u1837	INVx1_ASAP7_75t_R
u1838	AO21x1_ASAP7_75t_R
u1839	OA211x2_ASAP7_75t_R
u1840	INVx1_ASAP7_75t_R
u1841	OA21x2_ASAP7_75t_R
u1842	AO21x1_ASAP7_75t_R
u1843	AO32x1_ASAP7_75t_R
u1844	NAND2x1_ASAP7_75t_R
u1845	OA21x2_ASAP7_75t_R
u1846	AND4x2_ASAP7_75t_R
u1847	OR3x1_ASAP7_75t_R
u1848	XNOR2x2_ASAP7_75t_R
u1849	AND2x2_ASAP7_75t_R
u1850	OR3x1_ASAP7_75t_R
u1851	OA211x2_ASAP7_75t_R
u1852	OR3x1_ASAP7_75t_R
u1853	OAI22x1_ASAP7_75t_R
u1854	AND4x2_ASAP7_75t_R
u1855	AO221x2_ASAP7_75t_R
u1856	AO21x1_ASAP7_75t_R
u1857	INVx1_ASAP7_75t_R
u1858	AO32x1_ASAP7_75t_R
u1859	XOR2x2_ASAP7_75t_R
u1860	AOI221x1_ASAP7_75t_R
u1861	OA21x2_ASAP7_75t_R
u1862	AOI211x1_ASAP7_75t_R
u1863	AO21x1_ASAP7_75t_R
u1864	NAND2x1_ASAP7_75t_R
u1865	AO21x1_ASAP7_75t_R
u1866	OA21x2_ASAP7_75t_R
u1867	OA211x2_ASAP7_75t_R
u1868	INVx1_ASAP7_75t_R
u1869	AO32x1_ASAP7_75t_R
u1870	XOR2x2_ASAP7_75t_R
u1871	AO221x2_ASAP7_75t_R
u1872	NAND2x1_ASAP7_75t_R
u1873	NAND2x1_ASAP7_75t_R
u1874	AOI21x1_ASAP7_75t_R
u1875	AO21x1_ASAP7_75t_R
u1876	AO221x2_ASAP7_75t_R
u1877	NAND2x1_ASAP7_75t_R
u1878	NAND2x1_ASAP7_75t_R
u1879	AOI21x1_ASAP7_75t_R
u1880	AO21x1_ASAP7_75t_R
u1881	AO221x2_ASAP7_75t_R
u1882	NAND2x1_ASAP7_75t_R
u1883	NAND2x1_ASAP7_75t_R
u1884	AOI21x1_ASAP7_75t_R
u1885	AO21x1_ASAP7_75t_R
u1886	AO221x2_ASAP7_75t_R
u1887	NAND2x1_ASAP7_75t_R
u1888	NAND2x1_ASAP7_75t_R
u1889	AOI21x1_ASAP7_75t_R
u1890	AO21x1_ASAP7_75t_R
u1891	AO221x2_ASAP7_75t_R
u1892	NAND2x1_ASAP7_75t_R
u1893	NAND2x1_ASAP7_75t_R
u1894	AOI21x1_ASAP7_75t_R
u1895	AO21x1_ASAP7_75t_R
u1896	AO221x2_ASAP7_75t_R
u1897	NAND2x1_ASAP7_75t_R
u1898	NAND2x1_ASAP7_75t_R
u1899	AOI21x1_ASAP7_75t_R
u1900	AO21x1_ASAP7_75t_R
u1901	AO221x2_ASAP7_75t_R
u1902	NAND2x1_ASAP7_75t_R
u1903	NAND2x1_ASAP7_75t_R
u1904	AOI21x1_ASAP7_75t_R
u1905	AO21x1_ASAP7_75t_R
u1906	AO221x2_ASAP7_75t_R
u1907	NAND2x1_ASAP7_75t_R
u1908	NAND2x1_ASAP7_75t_R
u1909	AOI21x1_ASAP7_75t_R
u1910	AO21x1_ASAP7_75t_R
u1911	AND2x2_ASAP7_75t_R
u1912	INVx1_ASAP7_75t_R
u1913	OA21x2_ASAP7_75t_R
u1914	INVx1_ASAP7_75t_R
u1915	OA21x2_ASAP7_75t_R
u1916	XOR2x2_ASAP7_75t_R
u1917	NOR2x1_ASAP7_75t_R
u1918	NOR2x1_ASAP7_75t_R
u1919	AO21x1_ASAP7_75t_R
u1920	INVx1_ASAP7_75t_R
u1921	AND3x1_ASAP7_75t_R
u1922	INVx1_ASAP7_75t_R
u1923	INVx1_ASAP7_75t_R
u1924	INVx1_ASAP7_75t_R
u1925	INVx1_ASAP7_75t_R
u1926	INVx1_ASAP7_75t_R
u1927	INVx1_ASAP7_75t_R
u1928	INVx1_ASAP7_75t_R
u1929	INVx1_ASAP7_75t_R
u1930	INVx1_ASAP7_75t_R
u1931	INVx1_ASAP7_75t_R
u1932	INVx1_ASAP7_75t_R
u1933	INVx1_ASAP7_75t_R
u1934	INVx1_ASAP7_75t_R
u1935	INVx1_ASAP7_75t_R
u1936	INVx1_ASAP7_75t_R
u1937	INVx1_ASAP7_75t_R
u1938	INVx1_ASAP7_75t_R
u1939	INVx1_ASAP7_75t_R
u1940	INVx1_ASAP7_75t_R
u1941	INVx1_ASAP7_75t_R
u1942	INVx1_ASAP7_75t_R
u1943	INVx1_ASAP7_75t_R
u1944	INVx1_ASAP7_75t_R
u1945	INVx1_ASAP7_75t_R
u1946	INVx1_ASAP7_75t_R
u1947	INVx1_ASAP7_75t_R
u1948	INVx1_ASAP7_75t_R
u1949	INVx1_ASAP7_75t_R
u1950	INVx1_ASAP7_75t_R
u1951	INVx1_ASAP7_75t_R
u1952	INVx1_ASAP7_75t_R
u1953	INVx1_ASAP7_75t_R
u1954	BUFx2_ASAP7_75t_R
u1955	BUFx2_ASAP7_75t_R
u1956	BUFx2_ASAP7_75t_R
u1957	BUFx2_ASAP7_75t_R
u1958	BUFx2_ASAP7_75t_R
u1959	BUFx2_ASAP7_75t_R
u1960	BUFx2_ASAP7_75t_R
u1961	BUFx2_ASAP7_75t_R
u1962	BUFx2_ASAP7_75t_R
u1963	BUFx2_ASAP7_75t_R
u1964	BUFx2_ASAP7_75t_R
u1965	BUFx2_ASAP7_75t_R
u1966	BUFx2_ASAP7_75t_R
u1967	BUFx2_ASAP7_75t_R
u1968	BUFx2_ASAP7_75t_R
u1969	BUFx2_ASAP7_75t_R
u1970	BUFx2_ASAP7_75t_R
u1971	BUFx2_ASAP7_75t_R
u1972	BUFx2_ASAP7_75t_R
u1973	BUFx2_ASAP7_75t_R
u1974	BUFx2_ASAP7_75t_R
u1975	BUFx2_ASAP7_75t_R
u1976	BUFx2_ASAP7_75t_R
u1977	BUFx2_ASAP7_75t_R
u1978	BUFx2_ASAP7_75t_R
u1979	BUFx2_ASAP7_75t_R
u1980	BUFx2_ASAP7_75t_R
u1981	BUFx2_ASAP7_75t_R
u1982	BUFx2_ASAP7_75t_R
u1983	BUFx2_ASAP7_75t_R
u1984	BUFx2_ASAP7_75t_R
u1985	BUFx2_ASAP7_75t_R
