_nid_32	NOR2x1_ASAP7_75t_R
_nid_33	INVx1_ASAP7_75t_R
_nid_35	INVx1_ASAP7_75t_R
_nid_36	INVx1_ASAP7_75t_R
_nid_37	AO21x1_ASAP7_75t_R
_nid_38	AO32x1_ASAP7_75t_R
_nid_42	NAND2x1_ASAP7_75t_R
_nid_44	INVx1_ASAP7_75t_R
_nid_45	INVx1_ASAP7_75t_R
_nid_48	OR5x1_ASAP7_75t_R
_nid_51	INVx1_ASAP7_75t_R
_nid_54	XOR2x2_ASAP7_75t_R
_nid_55	INVx1_ASAP7_75t_R
_nid_56	INVx1_ASAP7_75t_R
_nid_58	XOR2x2_ASAP7_75t_R
_nid_59	OA211x2_ASAP7_75t_R
_nid_60	OA21x2_ASAP7_75t_R
_nid_61	AO21x1_ASAP7_75t_R
_nid_63	AND3x1_ASAP7_75t_R
_nid_66	OA21x2_ASAP7_75t_R
_nid_67	AO21x1_ASAP7_75t_R
_nid_68	AO22x1_ASAP7_75t_R
_nid_70	AND3x1_ASAP7_75t_R
_nid_72	AND4x2_ASAP7_75t_R
_nid_73	INVx1_ASAP7_75t_R
_nid_75	AO21x1_ASAP7_75t_R
_nid_76	AND3x1_ASAP7_75t_R
_nid_79	AND3x1_ASAP7_75t_R
_nid_80	INVx1_ASAP7_75t_R
_nid_81	AO21x1_ASAP7_75t_R
_nid_82	AND3x1_ASAP7_75t_R
_nid_84	NOR2x1_ASAP7_75t_R
_nid_85	AO21x1_ASAP7_75t_R
_nid_86	AND2x2_ASAP7_75t_R
_nid_89	INVx1_ASAP7_75t_R
_nid_90	AND3x1_ASAP7_75t_R
_nid_91	INVx1_ASAP7_75t_R
_nid_93	AO22x1_ASAP7_75t_R
_nid_97	AO22x1_ASAP7_75t_R
_nid_101	AO22x1_ASAP7_75t_R
_nid_105	AO22x1_ASAP7_75t_R
_nid_108	AO22x1_ASAP7_75t_R
_nid_111	AND2x2_ASAP7_75t_R
_nid_113	INVx1_ASAP7_75t_R
_nid_114	AO22x1_ASAP7_75t_R
_nid_118	AO22x1_ASAP7_75t_R
_nid_122	AO22x1_ASAP7_75t_R
_nid_125	AO22x1_ASAP7_75t_R
_nid_128	AO22x1_ASAP7_75t_R
_nid_131	AO22x1_ASAP7_75t_R
_nid_134	AO22x1_ASAP7_75t_R
_nid_137	AO22x1_ASAP7_75t_R
_nid_140	AO22x1_ASAP7_75t_R
_nid_143	AO22x1_ASAP7_75t_R
_nid_146	AO22x1_ASAP7_75t_R
_nid_149	AO22x1_ASAP7_75t_R
_nid_152	AO22x1_ASAP7_75t_R
_nid_155	AO22x1_ASAP7_75t_R
_nid_158	AO22x1_ASAP7_75t_R
_nid_161	AO22x1_ASAP7_75t_R
_nid_164	AO22x1_ASAP7_75t_R
_nid_167	AO22x1_ASAP7_75t_R
_nid_170	AO22x1_ASAP7_75t_R
_nid_173	OR3x1_ASAP7_75t_R
_nid_174	AO32x1_ASAP7_75t_R
_nid_177	AO32x1_ASAP7_75t_R
_nid_180	AO32x1_ASAP7_75t_R
_nid_183	AO32x1_ASAP7_75t_R
_nid_186	AO32x1_ASAP7_75t_R
_nid_189	AO32x1_ASAP7_75t_R
_nid_192	AO32x1_ASAP7_75t_R
_nid_195	AO32x1_ASAP7_75t_R
_nid_198	INVx1_ASAP7_75t_R
_nid_200	INVx1_ASAP7_75t_R
_nid_201	AO22x1_ASAP7_75t_R
_nid_203	INVx1_ASAP7_75t_R
_nid_205	INVx1_ASAP7_75t_R
_nid_206	AO22x1_ASAP7_75t_R
_nid_208	OR3x1_ASAP7_75t_R
_nid_210	AND2x2_ASAP7_75t_R
_nid_214	NOR2x1_ASAP7_75t_R
_nid_215	OAI21x1_ASAP7_75t_R
_nid_220	OR4x2_ASAP7_75t_R
_nid_223	OR3x1_ASAP7_75t_R
_nid_226	OR3x1_ASAP7_75t_R
_nid_229	OR3x1_ASAP7_75t_R
_nid_232	OR3x1_ASAP7_75t_R
_nid_233	INVx1_ASAP7_75t_R
_nid_234	OR3x1_ASAP7_75t_R
_nid_235	AO21x1_ASAP7_75t_R
_nid_236	OAI21x1_ASAP7_75t_R
_nid_237	AND2x2_ASAP7_75t_R
_nid_238	NOR2x1_ASAP7_75t_R
_nid_242	OR3x1_ASAP7_75t_R
_nid_243	NAND2x1_ASAP7_75t_R
_nid_244	OR4x2_ASAP7_75t_R
_nid_245	AO21x1_ASAP7_75t_R
_nid_246	INVx1_ASAP7_75t_R
_nid_247	OA21x2_ASAP7_75t_R
_nid_248	AO32x1_ASAP7_75t_R
_nid_249	OA21x2_ASAP7_75t_R
_nid_251	INVx1_ASAP7_75t_R
_nid_252	OA21x2_ASAP7_75t_R
_nid_253	AO221x2_ASAP7_75t_R
_nid_254	AND2x2_ASAP7_75t_R
_nid_256	INVx1_ASAP7_75t_R
_nid_257	OR3x1_ASAP7_75t_R
_nid_258	INVx1_ASAP7_75t_R
_nid_259	AND3x1_ASAP7_75t_R
_nid_260	INVx1_ASAP7_75t_R
_nid_261	OA211x2_ASAP7_75t_R
_nid_263	INVx1_ASAP7_75t_R
_nid_264	OR5x1_ASAP7_75t_R
_nid_265	INVx1_ASAP7_75t_R
_nid_266	OR3x1_ASAP7_75t_R
_nid_267	OA211x2_ASAP7_75t_R
_nid_271	INVx1_ASAP7_75t_R
_nid_272	AND3x1_ASAP7_75t_R
_nid_273	NOR2x1_ASAP7_75t_R
_nid_275	NOR2x1_ASAP7_75t_R
_nid_276	AO21x1_ASAP7_75t_R
_nid_277	AO22x1_ASAP7_75t_R
_nid_278	AO21x1_ASAP7_75t_R
_nid_280	AO21x1_ASAP7_75t_R
_nid_281	OA211x2_ASAP7_75t_R
_nid_284	NOR2x1_ASAP7_75t_R
_nid_285	AO32x1_ASAP7_75t_R
_nid_288	AND2x2_ASAP7_75t_R
_nid_289	AO32x1_ASAP7_75t_R
_nid_290	OA21x2_ASAP7_75t_R
_nid_291	AO21x1_ASAP7_75t_R
_nid_292	OA21x2_ASAP7_75t_R
_nid_294	AO21x1_ASAP7_75t_R
_nid_295	INVx1_ASAP7_75t_R
_nid_296	OR5x1_ASAP7_75t_R
_nid_297	OA211x2_ASAP7_75t_R
_nid_299	AO21x1_ASAP7_75t_R
_nid_300	OA211x2_ASAP7_75t_R
_nid_303	AO32x1_ASAP7_75t_R
_nid_306	AO32x1_ASAP7_75t_R
_nid_307	OA21x2_ASAP7_75t_R
_nid_308	AO21x1_ASAP7_75t_R
_nid_309	OA21x2_ASAP7_75t_R
_nid_311	AO21x1_ASAP7_75t_R
_nid_312	OA211x2_ASAP7_75t_R
_nid_315	AO32x1_ASAP7_75t_R
_nid_318	AO32x1_ASAP7_75t_R
_nid_319	OA21x2_ASAP7_75t_R
_nid_320	AO21x1_ASAP7_75t_R
_nid_321	OA21x2_ASAP7_75t_R
_nid_323	AO21x1_ASAP7_75t_R
_nid_324	OA211x2_ASAP7_75t_R
_nid_327	AO32x1_ASAP7_75t_R
_nid_330	AO32x1_ASAP7_75t_R
_nid_331	OA21x2_ASAP7_75t_R
_nid_332	AO21x1_ASAP7_75t_R
_nid_333	OA21x2_ASAP7_75t_R
_nid_335	AO21x1_ASAP7_75t_R
_nid_336	OA211x2_ASAP7_75t_R
_nid_339	AO32x1_ASAP7_75t_R
_nid_342	AO32x1_ASAP7_75t_R
_nid_343	OA21x2_ASAP7_75t_R
_nid_344	AO21x1_ASAP7_75t_R
_nid_345	OA21x2_ASAP7_75t_R
_nid_347	AO21x1_ASAP7_75t_R
_nid_348	OA211x2_ASAP7_75t_R
_nid_351	AO32x1_ASAP7_75t_R
_nid_354	AO32x1_ASAP7_75t_R
_nid_355	OA21x2_ASAP7_75t_R
_nid_356	AO21x1_ASAP7_75t_R
_nid_357	OA21x2_ASAP7_75t_R
_nid_360	AO21x1_ASAP7_75t_R
_nid_361	OA211x2_ASAP7_75t_R
_nid_364	AO32x1_ASAP7_75t_R
_nid_367	AO32x1_ASAP7_75t_R
_nid_368	OA21x2_ASAP7_75t_R
_nid_369	AO21x1_ASAP7_75t_R
_nid_370	OA21x2_ASAP7_75t_R
_nid_372	AO21x1_ASAP7_75t_R
_nid_373	OA211x2_ASAP7_75t_R
_nid_376	AO32x1_ASAP7_75t_R
_nid_379	AO32x1_ASAP7_75t_R
_nid_380	OA21x2_ASAP7_75t_R
_nid_381	AO21x1_ASAP7_75t_R
_nid_382	OA21x2_ASAP7_75t_R
_nid_384	XNOR2x2_ASAP7_75t_R
_nid_385	AO32x1_ASAP7_75t_R
_nid_387	NOR2x1_ASAP7_75t_R
_nid_388	XOR2x2_ASAP7_75t_R
_nid_389	AO21x1_ASAP7_75t_R
_nid_392	INVx1_ASAP7_75t_R
_nid_393	AO21x1_ASAP7_75t_R
_nid_394	INVx1_ASAP7_75t_R
_nid_395	AND3x1_ASAP7_75t_R
_nid_396	AO21x1_ASAP7_75t_R
_nid_397	INVx1_ASAP7_75t_R
_nid_398	OR3x1_ASAP7_75t_R
_nid_399	OR3x1_ASAP7_75t_R
_nid_400	NAND2x1_ASAP7_75t_R
_nid_401	AO21x1_ASAP7_75t_R
_nid_402	OA211x2_ASAP7_75t_R
_nid_403	INVx1_ASAP7_75t_R
_nid_405	AOI21x1_ASAP7_75t_R
_nid_406	XOR2x2_ASAP7_75t_R
_nid_407	AO32x1_ASAP7_75t_R
_nid_408	INVx1_ASAP7_75t_R
_nid_410	AO21x1_ASAP7_75t_R
_nid_411	AO221x2_ASAP7_75t_R
_nid_413	XOR2x2_ASAP7_75t_R
_nid_414	AO22x1_ASAP7_75t_R
_nid_416	NOR2x1_ASAP7_75t_R
_nid_417	INVx1_ASAP7_75t_R
_nid_418	OA21x2_ASAP7_75t_R
_nid_419	AO32x1_ASAP7_75t_R
_nid_420	INVx1_ASAP7_75t_R
_nid_422	OR4x2_ASAP7_75t_R
_nid_423	NAND2x1_ASAP7_75t_R
_nid_424	OA21x2_ASAP7_75t_R
_nid_426	AO21x1_ASAP7_75t_R
_nid_427	OA21x2_ASAP7_75t_R
_nid_429	INVx1_ASAP7_75t_R
_nid_430	AO21x1_ASAP7_75t_R
_nid_431	AO21x1_ASAP7_75t_R
_nid_433	INVx1_ASAP7_75t_R
_nid_434	AO21x1_ASAP7_75t_R
_nid_435	AND2x2_ASAP7_75t_R
_nid_437	INVx1_ASAP7_75t_R
_nid_438	AND4x2_ASAP7_75t_R
_nid_440	OA211x2_ASAP7_75t_R
_nid_442	INVx1_ASAP7_75t_R
_nid_443	NOR2x1_ASAP7_75t_R
_nid_444	AO32x1_ASAP7_75t_R
_nid_445	AND2x2_ASAP7_75t_R
_nid_446	AO32x1_ASAP7_75t_R
_nid_447	INVx1_ASAP7_75t_R
_nid_448	OA211x2_ASAP7_75t_R
_nid_450	INVx1_ASAP7_75t_R
_nid_451	AND2x2_ASAP7_75t_R
_nid_452	AO32x1_ASAP7_75t_R
_nid_453	AND3x1_ASAP7_75t_R
_nid_454	OR3x1_ASAP7_75t_R
_nid_456	XOR2x2_ASAP7_75t_R
_nid_457	AND4x2_ASAP7_75t_R
_nid_459	INVx1_ASAP7_75t_R
_nid_460	AO32x1_ASAP7_75t_R
_nid_461	AND3x1_ASAP7_75t_R
_nid_463	AND2x2_ASAP7_75t_R
_nid_464	AO32x1_ASAP7_75t_R
_nid_465	AO32x1_ASAP7_75t_R
_nid_466	OA211x2_ASAP7_75t_R
_nid_468	AO32x1_ASAP7_75t_R
_nid_469	NOR2x1_ASAP7_75t_R
_nid_470	AND4x2_ASAP7_75t_R
_nid_471	OR3x1_ASAP7_75t_R
_nid_473	INVx1_ASAP7_75t_R
_nid_474	AND3x1_ASAP7_75t_R
_nid_476	AO32x1_ASAP7_75t_R
_nid_477	AO32x1_ASAP7_75t_R
_nid_478	AO32x1_ASAP7_75t_R
_nid_479	OA211x2_ASAP7_75t_R
_nid_480	OR3x1_ASAP7_75t_R
_nid_482	AO22x1_ASAP7_75t_R
_nid_483	INVx1_ASAP7_75t_R
_nid_484	OR5x1_ASAP7_75t_R
_nid_485	INVx1_ASAP7_75t_R
_nid_486	AO32x1_ASAP7_75t_R
_nid_487	AO32x1_ASAP7_75t_R
_nid_488	AO32x1_ASAP7_75t_R
_nid_489	OA211x2_ASAP7_75t_R
_nid_490	OR3x1_ASAP7_75t_R
_nid_493	NOR2x1_ASAP7_75t_R
_nid_495	AO32x1_ASAP7_75t_R
_nid_496	AO32x1_ASAP7_75t_R
_nid_497	OA211x2_ASAP7_75t_R
_nid_498	AO221x2_ASAP7_75t_R
_nid_500	OR5x1_ASAP7_75t_R
_nid_501	INVx1_ASAP7_75t_R
_nid_502	AO32x1_ASAP7_75t_R
_nid_503	AO32x1_ASAP7_75t_R
_nid_504	AO32x1_ASAP7_75t_R
_nid_505	OA211x2_ASAP7_75t_R
_nid_506	OR3x1_ASAP7_75t_R
_nid_508	AND3x1_ASAP7_75t_R
_nid_510	AND4x2_ASAP7_75t_R
_nid_511	INVx1_ASAP7_75t_R
_nid_512	OA211x2_ASAP7_75t_R
_nid_514	AO32x1_ASAP7_75t_R
_nid_515	AO32x1_ASAP7_75t_R
_nid_516	OA211x2_ASAP7_75t_R
_nid_518	AO32x1_ASAP7_75t_R
_nid_519	AND3x1_ASAP7_75t_R
_nid_520	OR3x1_ASAP7_75t_R
_nid_524	AO32x1_ASAP7_75t_R
_nid_525	AO32x1_ASAP7_75t_R
_nid_526	OA211x2_ASAP7_75t_R
_nid_527	AO221x2_ASAP7_75t_R
_nid_529	NOR2x1_ASAP7_75t_R
_nid_530	OR3x1_ASAP7_75t_R
_nid_531	OA211x2_ASAP7_75t_R
_nid_533	OR3x1_ASAP7_75t_R
_nid_534	AO21x1_ASAP7_75t_R
_nid_535	AND3x1_ASAP7_75t_R
_nid_537	AOI211x1_ASAP7_75t_R
_nid_539	AND3x1_ASAP7_75t_R
_nid_540	INVx1_ASAP7_75t_R
_nid_542	AO22x1_ASAP7_75t_R
_nid_544	NAND2x1_ASAP7_75t_R
_nid_545	INVx1_ASAP7_75t_R
_nid_546	NAND2x1_ASAP7_75t_R
_nid_547	AO32x1_ASAP7_75t_R
_nid_550	AO22x1_ASAP7_75t_R
_nid_552	AO32x1_ASAP7_75t_R
_nid_554	OA211x2_ASAP7_75t_R
_nid_555	INVx1_ASAP7_75t_R
_nid_556	OA211x2_ASAP7_75t_R
_nid_558	NOR2x1_ASAP7_75t_R
_nid_559	AND2x2_ASAP7_75t_R
_nid_560	OA21x2_ASAP7_75t_R
_nid_562	AO32x1_ASAP7_75t_R
_nid_565	AO32x1_ASAP7_75t_R
_nid_568	AO32x1_ASAP7_75t_R
_nid_571	AO32x1_ASAP7_75t_R
_nid_574	AO32x1_ASAP7_75t_R
_nid_576	AO32x1_ASAP7_75t_R
_nid_578	AO22x1_ASAP7_75t_R
_nid_580	AO22x1_ASAP7_75t_R
_nid_582	AO22x1_ASAP7_75t_R
_nid_584	AO22x1_ASAP7_75t_R
_nid_586	AO22x1_ASAP7_75t_R
_nid_588	AO22x1_ASAP7_75t_R
_nid_590	NAND2x1_ASAP7_75t_R
_nid_591	AO32x1_ASAP7_75t_R
_nid_593	NAND2x1_ASAP7_75t_R
_nid_594	AO32x1_ASAP7_75t_R
_nid_596	AO32x1_ASAP7_75t_R
_nid_598	AO32x1_ASAP7_75t_R
_nid_600	AO32x1_ASAP7_75t_R
_nid_602	AO32x1_ASAP7_75t_R
_nid_604	AO32x1_ASAP7_75t_R
_nid_606	AO32x1_ASAP7_75t_R
_nid_608	AO32x1_ASAP7_75t_R
_nid_610	AO32x1_ASAP7_75t_R
_nid_612	AO32x1_ASAP7_75t_R
_nid_614	AO32x1_ASAP7_75t_R
_nid_616	AO32x1_ASAP7_75t_R
_nid_618	AO32x1_ASAP7_75t_R
_nid_620	AO32x1_ASAP7_75t_R
_nid_622	AO32x1_ASAP7_75t_R
_nid_624	NAND2x1_ASAP7_75t_R
_nid_625	AO32x1_ASAP7_75t_R
_nid_627	AND3x1_ASAP7_75t_R
_nid_629	AO32x1_ASAP7_75t_R
_nid_631	AO32x1_ASAP7_75t_R
_nid_633	AO32x1_ASAP7_75t_R
_nid_635	AO32x1_ASAP7_75t_R
_nid_637	AO32x1_ASAP7_75t_R
_nid_639	AO32x1_ASAP7_75t_R
_nid_641	AO32x1_ASAP7_75t_R
_nid_643	NAND2x1_ASAP7_75t_R
_nid_644	AO32x1_ASAP7_75t_R
_nid_646	AO32x1_ASAP7_75t_R
_nid_648	AO32x1_ASAP7_75t_R
_nid_650	AO32x1_ASAP7_75t_R
_nid_652	AO21x1_ASAP7_75t_R
_nid_654	AO32x1_ASAP7_75t_R
_nid_656	AO32x1_ASAP7_75t_R
_nid_658	AO32x1_ASAP7_75t_R
_nid_660	AO21x1_ASAP7_75t_R
_nid_661	AOI21x1_ASAP7_75t_R
_nid_663	AND3x1_ASAP7_75t_R
_nid_665	AND2x2_ASAP7_75t_R
