series,objective,origin,point_id,anchor,period_ps,sha256,data_path_ps,driver_adjust_ps,boundary_delay_ps,area_um2,power_uw,formal,own_delay_area_pareto,own_delay_power_pareto,combined_delay_area_pareto,combined_delay_power_pareto
Genus G0,,original five,orig_t0,,946.865,8b90bf6dc57389a185d9a671f16abb2d7c5abaebff3faf7edc4711443db02ab2,944.6000,2.0000,946.6000,108.825000,180.375000,PASS,True,True,False,False
Genus G0,,original five,orig_t1,,1010.0,cdd7d34a8a2b9a20f999e6633c8a656a724d51e025e409e2fa37017aa7f7e7fe,1006.2000,3.8000,1010.0000,107.379000,178.299000,PASS,True,True,False,False
Genus G0,,original five,orig_t2,,1046.535,500f08449633b535cbf5b429db199bb03b92cdcb0b08da00a615241b36fa7f3a,1041.7000,3.8000,1045.5000,106.411000,178.391000,PASS,True,False,False,False
Genus G0,,original five,orig_t3,,1096.3700000000001,2b1cb92e4d66fdf16758b6a735e196fa7be928f18a8f72b79aecf21c58abf2ad,1093.8000,2.6000,1096.4000,103.833000,174.690000,PASS,True,True,False,False
Genus G0,,original five,orig_t4,,1146.205,f7a1ae0d962b1152152aadfe8cfb5f7f4b0858a71be927018448778ebdc696e6,1143.0000,3.2000,1146.2000,97.499000,165.057000,PASS,True,True,False,False
Genus G0,,additional high-effort sweep,s00_p875,,875.0,f010c86c2b6ad7142d73a4112b009b863018d2ef8126faf39145e94fc58ab262,872.4000,2.0000,874.4000,114.272000,188.892000,PASS,True,False,False,False
Genus G0,,additional high-effort sweep,s01_p900,,900.0,5c049145dc3ec179ab9609c743b0963b553b466bbed5c608acbd252014f373f6,895.7000,2.0000,897.7000,114.575000,188.869000,PASS,False,False,False,False
Genus G0,,additional high-effort sweep,s02_p920,,920.0,f9266d4215974d7d27cb7daba171cc80bd4636d25ab17a139b6f973fd0fcee6d,915.3000,2.0000,917.3000,115.007000,189.154000,PASS,False,False,False,False
Genus G0,,additional high-effort sweep,s03_p935,,935.0,48747275a947c6c82c704052e13df08e1b327553c8fc73432db668cae477f1a6,930.0000,2.0000,932.0000,112.686000,186.586000,PASS,True,True,False,False
Genus G0,,additional high-effort sweep,s04_p800,,800.0,6df8e5b22319adcfd5fc03608cffb32d943ee7324e698583de388f201a051945,795.9000,3.2000,799.1000,117.188000,191.903000,PASS,True,True,False,False
Genus G0,,additional high-effort sweep,s05_p825,,825.0,fdbc6280cfe5e4076d729ac286b914d1a2e0dc8dad171efbfcf41ea4b42f4fa2,822.7000,2.0000,824.7000,116.162000,192.030000,PASS,True,False,False,False
Genus G0,,additional high-effort sweep,s06_p850,,850.0,3eb72c380954fc09ffb320f306d7b04ea10d54d228ff84020f20f4bf6112ca2f,845.9000,3.8000,849.7000,114.377000,187.763000,PASS,True,True,False,False
Genus G0,,additional high-effort sweep,s07_p860,,860.0,ee5f00808c520d36d2d759b4570157b4fbed6aa89b3266c180b81e9827781931,857.2000,2.0000,859.2000,116.185000,191.744000,PASS,False,False,False,False
Genus G0,,additional high-effort sweep,s08_p960,,960.0,8f5f816976d755df8a9b5f22c8898af655f7fbb261f9fbba066abee400c97c48,957.3000,2.0000,959.3000,111.741000,184.466000,PASS,False,False,False,False
Genus G0,,additional high-effort sweep,s09_p985,,985.0,6d1af852fda32739de86459921c1c0eef9025a8e8e9c572c8734b52d12f91e77,979.2000,3.2000,982.4000,109.747000,181.767000,PASS,False,False,False,False
Genus G0,,additional high-effort sweep,s10_p1025,,1025.0,9e5d0bae971454a0bb2179e25e3dd98b7142fd5bf705de777e5e9fedd84c8a6f,1019.1000,3.2000,1022.3000,107.122000,178.611000,PASS,True,False,False,False
Genus G0,,additional high-effort sweep,s11_p1070,,1070.0,a22613ef28442130a8f47e851cff9a8083d8bfc457b06a861aae52e38f8fdef4,1065.5000,3.2000,1068.7000,105.862000,176.573000,PASS,True,True,False,False
Genus G0,,additional high-effort sweep,s12_p1120,,1120.0,2dbabfe3bc0feb872bbf0f01ee53569b419ef2de5216b9ee3831cd09ef0f5b2a,1116.5000,3.2000,1119.7000,101.372000,169.691000,PASS,True,True,False,False
Genus G0,,additional high-effort sweep,s13_p1190,,1190.0,fa60e51f4f1b7baa52329fc46f256582b722de63f3502071d5acea8e10dc55d4,1152.7000,2.0000,1154.7000,104.894000,176.210000,PASS,False,False,False,False
Genus G0,,additional high-effort sweep,s14_p1250,,1250.0,7c3b73abd000455ed09508e98b1319d376a9b3ddd58fd2f91a15c4a4d42aff04,1226.9000,2.3000,1229.2000,108.953000,182.644000,PASS,False,False,False,False
Iterative,D×A,single D×A objective candidate archive,archive_000,p0800,,a033549a68f4a2a6fe9e569b2c78e8d8fa79652a3df5a6d5786627a9727db471,662.8000,4.5000,667.3000,118.203000,193.773000,PASS,True,True,True,True
Iterative,D×A,single D×A objective candidate archive,archive_001,p0800,,57ddf69b7f0f6c8fa8fe318f41a4f2078f20fef9848ff5e23b329de95ce80d1c,669.4000,2.0000,671.4000,117.760000,193.053000,PASS,True,True,True,True
Iterative,D×A,single D×A objective candidate archive,archive_002,p0800,,7102fa6f6dde94dda288d3eacf78553f6c6676644c34bca2ef3ff971189797e4,677.8000,2.0000,679.8000,117.725000,193.061000,PASS,True,False,True,False
Iterative,D×A,single D×A objective candidate archive,archive_003,p0800,,967ffbd0a223c4e77e0d0fa80ac25823f9f86a1d77b047cfc54eda12a8c3740a,678.1000,2.0000,680.1000,117.456000,192.683000,PASS,True,False,True,False
Iterative,D×A,single D×A objective candidate archive,archive_004,p0800,,595ffa3679aa80233d1e6c19095fac16ce90f8c9fbcbf02875d0092278c9d7ed,678.1000,2.0000,680.1000,117.456000,192.691000,PASS,True,False,True,False
Iterative,D×A,single D×A objective candidate archive,archive_005,p0800,,a87c4b4d121bb275f5a1787a7ad3b38a9f9f50f0ed19390924373672dec85034,678.1000,2.0000,680.1000,117.456000,192.695000,PASS,True,False,True,False
Iterative,D×A,single D×A objective candidate archive,archive_006,p0800,,326db8392776758d605a7e8e5f93aba87417873ca793b0cdbced1315a06a562c,678.1000,2.0000,680.1000,117.456000,192.695000,PASS,True,False,True,False
Iterative,D×A,single D×A objective candidate archive,archive_007,p0800,,e74cb01af7030505a0b5440e94db8452792540f9a05f736e1b3a5ff78dbee145,678.1000,2.0000,680.1000,117.456000,192.691000,PASS,True,False,True,False
Iterative,D×A,single D×A objective candidate archive,archive_008,p0800,,814311b2ea05f39d4e1e564a3b26f332abbc47831e1cdf275ab6ac5a2fef0391,678.1000,2.0000,680.1000,117.456000,192.700000,PASS,True,False,True,False
Iterative,D×A,single D×A objective candidate archive,archive_009,p0800,,f4d067c32809310e96bc9b2eccb7e53b299c46d16f76d86295c827b3a80d59aa,678.1000,2.0000,680.1000,117.456000,192.696000,PASS,True,False,True,False
Iterative,D×A,single D×A objective candidate archive,archive_010,p0800,,01de8afa6f364c19200c5b2132d4c6b6cf27e6d81cc1d879e6fd99622567940b,678.1000,2.0000,680.1000,117.468000,192.619000,PASS,False,True,False,True
Iterative,D×A,single D×A objective candidate archive,archive_011,p0825,,ca950b86cb71d849ac544334546417486c362c57b06d2471ed08aff850994c57,708.5000,4.0000,712.5000,117.177000,193.995000,PASS,True,False,True,False
Iterative,D×A,single D×A objective candidate archive,archive_012,p0825,,2b79a92dc5bf45ea225782282755ce833a0f92e1d0015225f32efd7a717b201d,708.8000,4.0000,712.8000,117.095000,193.831000,PASS,True,False,True,False
Iterative,D×A,single D×A objective candidate archive,archive_013,p0825,,0136bb3d07b9b7b77988970aee7298802dc3a5cdb533a4cb08d88154c2e868ad,710.3000,4.0000,714.3000,117.095000,193.847000,PASS,False,False,False,False
Iterative,D×A,single D×A objective candidate archive,archive_014,p0825,,55e9091920a6089531e10ebe6f0925ec5f98c28b164403646d545a876dd876db,711.1000,4.0000,715.1000,117.037000,193.766000,PASS,True,False,True,False
Iterative,D×A,single D×A objective candidate archive,archive_015,p0850,,2b37cd4ab0473d90f7fa3da1e34b742961103fc9aa6d00fccd6c4ace94b9fab4,713.1000,3.5000,716.6000,115.007000,188.817000,PASS,True,True,True,True
Iterative,D×A,single D×A objective candidate archive,archive_016,p0850,,4da6cffdcfd30b0a9a6ae5ce3c5c6a4644eaa744d8f45cd3f91554a12c825f97,714.4000,3.5000,717.9000,115.007000,188.837000,PASS,False,False,False,False
Iterative,D×A,single D×A objective candidate archive,archive_017,p0850,,44f86580d7b661d6a1c17bc03a7c901c25189ec7ae516f001a79f059e7919051,714.4000,3.5000,717.9000,115.007000,188.838000,PASS,False,False,False,False
Iterative,D×A,single D×A objective candidate archive,archive_018,p0850,,260ba1317912ea929d4566af3a61a5827ae6aef41ab178dfac1d4970ffc741d8,714.6000,3.5000,718.1000,115.007000,188.846000,PASS,False,False,False,False
Iterative,D×A,single D×A objective candidate archive,archive_019,p0850,,fc5cd3eca12d339d40a7e94f88adb6b40122e94aa7940a33667a680e55c1c0b4,714.6000,3.5000,718.1000,115.007000,188.847000,PASS,False,False,False,False
Iterative,D×A,single D×A objective candidate archive,archive_020,p0850,,6654e4386270be4c3441cc92931485e9fcf1a0f4634b21c084fbedda650cf89f,721.2000,2.6000,723.8000,115.030000,188.830000,PASS,False,False,False,False
Iterative,D×A,single D×A objective candidate archive,archive_021,p0850,,1867d5dd21e29b754bd3deb64b96af07815d5216ddbd166f999e6b86ef352d23,722.5000,2.6000,725.1000,115.077000,188.841000,PASS,False,False,False,False
Iterative,D×A,single D×A objective candidate archive,archive_022,p0850,,073fcc2c62a584a9a054311fd577fa7c4b693da001fd17981f97b1581ca566c8,722.5000,2.6000,725.1000,115.077000,188.845000,PASS,False,False,False,False
Iterative,D×A,single D×A objective candidate archive,archive_023,p0850,,1d0cb5d94c6c3dfd878ae0c12a2e7c80b0ca98a4d27e8bf824ab36622f27644a,722.5000,2.6000,725.1000,115.077000,188.842000,PASS,False,False,False,False
Iterative,D×A,single D×A objective candidate archive,archive_024,p0850,,2d3627bc13fbc1f688f4f23ed63873da36867b6ed6a285b88fb06c781f8ea9b8,726.1000,2.6000,728.7000,114.914000,188.582000,PASS,True,True,True,True
Iterative,D×A,single D×A objective candidate archive,archive_025,p0850,,7c9d2ff164da08e8f9ead634bc449bd4ccee7c6732f6a3a4326bb845bea27530,737.9000,3.5000,741.4000,114.972000,188.580000,PASS,False,True,False,False
Iterative,D×A,single D×A objective candidate archive,archive_026,p0850,,d64624d02a504c52c42bea89f3bb5252be60c5a1c5fa7e4d7dba3aaa9c641072,739.9000,4.0000,743.9000,114.855000,188.454000,PASS,True,True,False,False
Iterative,D×A,single D×A objective candidate archive,archive_027,p0850,,e1a323ffe83190fe19125b457956848852dd4d890672cfcd04fea97d1d5dbc6c,742.6000,2.6000,745.2000,114.867000,188.422000,PASS,False,True,False,True
Iterative,D×A,single D×A objective candidate archive,archive_028,p0935,,fab9b29a51bc242d60abd78613663bd66fab823f432bd88480c37bcdbd8ad08c,799.0000,2.0000,801.0000,113.934000,188.479000,PASS,True,False,False,False
Iterative,D×A,single D×A objective candidate archive,archive_029,p0935,,eb5118fe5cbccec1fe3c028d255bf224fecd4d826bd8925104469b65705b7f7f,802.2000,2.0000,804.2000,113.852000,188.338000,PASS,True,True,False,False
Iterative,D×A,single D×A objective candidate archive,archive_030,p0935,,e44dddb9db74e2c0bbcd4e911b935541023a890298c40cd8a87474e4f00d3020,802.9000,2.0000,804.9000,113.619000,188.065000,PASS,True,True,True,True
Iterative,D×A,single D×A objective candidate archive,archive_031,p0935,,3b6fe5c85dbe34aad781633a3e18b428ef0b6614d885ea9b9b6ec93cbf8335a1,802.9000,2.0000,804.9000,113.619000,188.072000,PASS,True,False,True,False
Iterative,D×A,single D×A objective candidate archive,archive_032,p0935,,6419b2039f8ad086383e10cec7a4de18a7b141ccdff32ae8edc0acc050c04cf5,802.9000,2.0000,804.9000,113.619000,188.087000,PASS,True,False,True,False
Iterative,D×A,single D×A objective candidate archive,archive_033,p0935,,d1cfc33c39f6122ce8ee97c810cd38686d9117c23ae0f9264b6938dba6ee370c,802.9000,2.0000,804.9000,113.619000,188.095000,PASS,True,False,True,False
Iterative,D×A,single D×A objective candidate archive,archive_034,p0935,,e636e24cd7145ed90d0c783e0324f61adf8842356b02bdc0b51473b37b2d9181,802.9000,2.0000,804.9000,113.619000,188.089000,PASS,True,False,True,False
Iterative,D×A,single D×A objective candidate archive,archive_035,p0935,,4c73f2404a3d088eaf1b29d5b5bb8f01b55c91b2a3c77fa75700f792d7b954c9,802.9000,2.0000,804.9000,113.619000,188.084000,PASS,True,False,True,False
Iterative,D×A,single D×A objective candidate archive,archive_036,p0935,,5d80fce15f7d23393ddb7b0609d4b517c9299a8a5a036f714e02dcfb0a57f0e9,802.9000,2.0000,804.9000,113.619000,188.078000,PASS,True,False,True,False
Iterative,D×A,single D×A objective candidate archive,archive_037,p0935,,09fdb6ab09d5ab8292a20a98d42e31a644e381d82da0fab3fb0af05fa99dcf1f,802.9000,2.0000,804.9000,113.619000,188.086000,PASS,True,False,True,False
Iterative,D×A,single D×A objective candidate archive,archive_038,p0850,,20dfb2e2a142f515646f21ed0b1b79d9cb0de9c0fa40e40ab59af2f620e99be8,808.1000,2.6000,810.7000,114.575000,188.064000,PASS,False,True,False,False
Iterative,D×A,single D×A objective candidate archive,archive_039,p0850,,edd39a7253409fae9e2776cf2a68c836414648d1ae3e07a12ba7aa8389ee30af,814.7000,3.5000,818.2000,114.599000,188.101000,PASS,False,False,False,False
Iterative,D×A,single D×A objective candidate archive,archive_040,p0850,,595148efbe5d29578fbe7c28960d5bcda27e1440d9643e23aa958f5abced856d,821.8000,3.5000,825.3000,114.564000,188.011000,PASS,False,False,False,False
Iterative,D×A,single D×A objective candidate archive,archive_041,p0850,,26fb1323ccf0db7980d3c6e2fc0481c3baefc877e05ae6bcbe76102c7965e100,827.4000,3.5000,830.9000,114.552000,187.985000,PASS,False,False,False,False
Iterative,D×A,single D×A objective candidate archive,archive_042,p0946p865,,abc3621177301c41bb7deb67f30d50b9c1dbc22aa2e27a03f2b119cbabff58b1,819.5000,4.0000,823.5000,109.677000,181.967000,PASS,True,True,True,True
Iterative,D×A,single D×A objective candidate archive,archive_043,p0946p865,,b92c3d9d4c0f14d23f917ee33885b3e1b39eae6a115cb9e38b785ed3221ff8c2,827.6000,4.0000,831.6000,109.700000,181.844000,PASS,False,True,False,False
Iterative,D×A,single D×A objective candidate archive,archive_044,p0946p865,,e6d5050e676b9fd10e92365c5c8e7a516c20700760a733ccb983363f4042418d,832.3000,4.0000,836.3000,109.455000,181.550000,PASS,True,True,False,False
Iterative,D×A,single D×A objective candidate archive,archive_045,p0946p865,,786d9fb2ced6e56b338180937850e63a98dad063a0aa4b4b7b37918915fc46b9,832.3000,4.0000,836.3000,109.455000,181.558000,PASS,True,False,False,False
Iterative,D×A,single D×A objective candidate archive,archive_046,p0946p865,,9dba00ce03ddaf64ac5ffd92e51f487050b67e26ea22b725513a7a7d73fad39f,832.3000,4.0000,836.3000,109.455000,181.555000,PASS,True,False,False,False
Iterative,D×A,single D×A objective candidate archive,archive_047,p0946p865,,a57b320d8d630ef1db506b96685e280a75dee7567c968b6769e9be456ec24549,861.8000,4.0000,865.8000,109.420000,181.331000,PASS,True,True,False,False
Iterative,D×A,single D×A objective candidate archive,archive_048,p0946p865,,2a725019b87453c2510b2a95551b0b57560599fd6a9d740c58a6728b5bfc93a8,868.3000,4.0000,872.3000,109.362000,181.244000,PASS,True,True,False,False
Iterative,D×A,single D×A objective candidate archive,archive_049,p1025,,44a79d87643b9d4ae65154678e081cf35d9a32e8f0581bd367041647715dc9c2,897.8000,2.6000,900.4000,108.184000,180.225000,PASS,False,False,False,False
Iterative,D×A,single D×A objective candidate archive,archive_050,p1025,,f10a573683c4fbac5acb4c315f2a6a5875a3366c8366401e2ed3eb5f3269ff06,897.8000,2.6000,900.4000,108.079000,180.081000,PASS,True,True,True,False
Iterative,D×A,single D×A objective candidate archive,archive_051,p1025,,0c9924124ddd9b95011d213323c0ddbe68e90ad31e7ef4c7682b90e90c3e1030,918.3000,2.6000,920.9000,108.009000,179.994000,PASS,False,False,False,False
Iterative,D×A,single D×A objective candidate archive,archive_052,p1025,,1b0a6b605640fb9edbf9dc0f6208cf1e55c91028ab89880875ef85575bdf2cbd,918.3000,2.6000,920.9000,108.009000,180.004000,PASS,False,False,False,False
Iterative,D×A,single D×A objective candidate archive,archive_053,p1046p535,,ab1746ce4c9ecae24f89c56e832c07e32b5dd6cfcaba994223721e74dafcec23,916.9000,2.6000,919.5000,107.285000,179.778000,PASS,True,True,True,False
Iterative,D×A,single D×A objective candidate archive,archive_054,p1070,,50589d903cf55cc981a5240b77a68e9b7e980e90406e7db92b38d310948e6832,944.4000,2.6000,947.0000,106.492000,177.694000,PASS,True,True,True,True
Iterative,D×A,single D×A objective candidate archive,archive_055,p1070,,006b7db6173c0337303021b2106c6984b4c42e4055f03b10b220ea1af7e9b5d3,946.8000,2.6000,949.4000,106.492000,177.695000,PASS,False,False,False,False
Iterative,D×A,single D×A objective candidate archive,archive_056,p1096p37,,092d3af66ddcefed0952603eb7e278a6cce23eda4d71f6b4cb65be4d93dd94b4,980.0000,2.6000,982.6000,104.859000,175.980000,PASS,True,True,True,True
Iterative,D×A,single D×A objective candidate archive,archive_057,p1096p37,,b3ebe6f578ceb8a5b5c3a2351d9914a523fe87d5e76d38967848a7dc043de0cd,981.4000,2.6000,984.0000,104.813000,175.931000,PASS,True,True,True,True
Iterative,D×A,single D×A objective candidate archive,archive_058,p1096p37,,1f7f237afe78faaf05634c6137c4f97369fe16fe8bf2408ef7c7ecd0e85ed55d,986.8000,2.6000,989.4000,104.754000,175.817000,PASS,True,False,True,False
Iterative,D×A,single D×A objective candidate archive,archive_059,p1096p37,,df6fc6f273c000961b422459693c71bfb2cd06e7a36b74eed88f79b203e71100,986.8000,2.6000,989.4000,104.754000,175.815000,PASS,True,True,True,True
Iterative,D×A,single D×A objective candidate archive,archive_060,p1096p37,,042ad0791119a20c007c34b3f30868c92a6566c27f1114fa7173404e16ee6635,994.8000,2.6000,997.4000,104.673000,175.704000,PASS,False,False,False,False
Iterative,D×A,single D×A objective candidate archive,archive_061,p1096p37,,6b723513c015e417f078bb26ee4dde24580a7eb0c3fa4be3fe05b9dfccd7c08f,994.8000,2.6000,997.4000,104.614000,175.631000,PASS,False,False,False,False
Iterative,D×A,single D×A objective candidate archive,archive_062,p1096p37,,4c3c29fa628c67a98ab0b219bf6676074d3295b9ee4394e06d16c7125b6ba028,994.8000,2.6000,997.4000,104.591000,175.540000,PASS,True,True,True,True
Iterative,D×A,single D×A objective candidate archive,archive_063,p1096p37,,61a12fcbc3dd6ea2ddd88bb8eea7d9c8918224cafa1d49b4575203d2b6269c16,1001.6000,2.6000,1004.2000,104.276000,175.050000,PASS,True,True,True,True
Iterative,D×A,single D×A objective candidate archive,archive_064,p1096p37,,ac538c2dada9c93c39a1dff4ee5a1d7d7ca6ee5b254b87b0a3c63be2903fc281,1009.2000,2.6000,1011.8000,104.230000,175.011000,PASS,True,True,True,True
Iterative,D×A,single D×A objective candidate archive,archive_065,p1096p37,,3c278ef3e0dd8dcd3b2f076d9c4bcb3397334ab9bb9307a09b036acbf1c19ada,1034.2000,2.6000,1036.8000,104.113000,174.813000,PASS,True,True,True,True
Iterative,D×A,single D×A objective candidate archive,archive_066,p1146p205,,b27c34acfaf1adb8a3543755ffeeb84a2851b5bd2a470274e8519f94bde96d74,1048.4000,2.6000,1051.0000,98.164000,165.989000,PASS,True,True,True,True
Iterative,D×A,single D×A objective candidate archive,archive_067,p1146p205,,837f0bca444b2de64d71287831f9b24c3cd4c6cfc6b8fbd6885396a85e6842b9,1051.0000,2.6000,1053.6000,98.048000,165.844000,PASS,True,True,True,True
Iterative,D×A,single D×A objective candidate archive,archive_068,p1146p205,,33c0b859cac4bf5d65794b6d4da12810abf2d41138d05b9979708beeeb75eaff,1051.0000,2.6000,1053.6000,98.048000,165.850000,PASS,True,False,True,False
Iterative,D×A,single D×A objective candidate archive,archive_069,p1146p205,,01a228734b141b175104bc2c852a11972fc4e688136ffb35017815b2be03c13a,1051.0000,2.6000,1053.6000,98.048000,165.845000,PASS,True,False,True,False
Iterative,D×A,single D×A objective candidate archive,archive_070,p1146p205,,7f172e6d0101cc2d0e724b64c3bfe693619160578faca5c7f7c2d8480421850a,1051.0000,2.6000,1053.6000,98.048000,165.845000,PASS,True,False,True,False
Iterative,D×A,single D×A objective candidate archive,archive_071,p1146p205,,93a5601a4202b33d6f9bd03e893b96249b4373b957d37cadb3678d7078a3817e,1051.0000,2.6000,1053.6000,98.048000,165.847000,PASS,True,False,True,False
Iterative,D×A,single D×A objective candidate archive,archive_072,p1146p205,,c9d8699057be46ed8c348322eac3c205843934fb544e761bf14a761be2381fda,1051.0000,2.6000,1053.6000,98.048000,165.847000,PASS,True,False,True,False
Iterative,D×A,single D×A objective candidate archive,archive_073,p1146p205,,60db5fd35aea0e2ad9db262caa5811ff432552f6acf5b525e34c9822f3419b67,1051.0000,2.6000,1053.6000,98.048000,165.852000,PASS,True,False,True,False
Iterative,D×A,single D×A objective candidate archive,archive_074,p1146p205,,8443348a20658ef5ca991b9aa287f2f289d5683566ab4ff2b0c888e7ecea21f4,1054.8000,2.6000,1057.4000,97.989000,165.747000,PASS,True,True,True,True
Iterative,D×A,single D×A objective candidate archive,archive_075,p1146p205,,73b029502d3728ebfe1ffea30bb2762832522689e240dd45eff79ea5b2875f40,1055.5000,2.6000,1058.1000,97.989000,165.707000,PASS,False,True,False,True
Iterative,D×A,single D×A objective candidate archive,archive_076,p1146p205,,e645e1bef6b947feb7e146732cbf9acfa2bbbc64709c177a47c6b5a10b00b357,1055.6000,2.6000,1058.2000,97.989000,165.690000,PASS,False,True,False,True
Iterative,D×A,single D×A objective candidate archive,archive_077,p1146p205,,f6d7b4cc07c88099526d1554b1a81bc263485fb87abafba3b1da6132a0537480,1057.9000,2.6000,1060.5000,97.931000,165.647000,PASS,False,False,False,False
Iterative,D×A,single D×A objective candidate archive,archive_078,p1146p205,,91d7cb6a2cde7ae2ffd9277ce07253d0594918f0f89254676f18ec116f1dc707,1057.9000,2.6000,1060.5000,97.931000,165.647000,PASS,False,False,False,False
Iterative,D×A,single D×A objective candidate archive,archive_079,p1146p205,,d4be47a5f4c5d6945e97eef3d825c245896009acff7733d3a002a60799e7ef94,1062.3000,2.6000,1064.9000,97.873000,165.547000,PASS,True,False,True,False
Iterative,D×A,single D×A objective candidate archive,archive_080,p1146p205,,b59afb5b748c3d1c337ea6db96c5ee2189f8401d0c10a732715831203f942487,1057.9000,2.6000,1060.5000,97.908000,165.526000,PASS,True,True,True,True
Iterative,D×A,single D×A objective candidate archive,archive_081,p1146p205,,ec11aa3bc4e3e2c2a767938c00151f14a8dda44281c19564ebce3db010adfe20,1095.5000,2.6000,1098.1000,97.826000,165.493000,PASS,True,True,False,False
Iterative,D×A,single D×A objective candidate archive,archive_082,p1146p205,,059ce6522bb6e674be398eb94116d074238de28f8e39d54cd21b507ff875c081,1099.6000,2.6000,1102.2000,97.803000,165.514000,PASS,True,False,False,False
Iterative,D×A,single D×A objective candidate archive,archive_083,p1146p205,,7e8d7388a4d22908fa6b052ff7bee53116adcbd5a4438d75774c349f91311010,1100.6000,2.6000,1103.2000,97.639000,165.114000,PASS,True,True,False,False
Iterative,D×A,single D×A objective candidate archive,archive_084,p1146p205,,0c3a0bfd16027e9147eda9986a310dd246117c1fc1564997613f328e339d1912,1121.7000,2.6000,1124.3000,97.558000,165.072000,PASS,True,True,False,False
Iterative,D×A,single D×A objective candidate archive,archive_085,p1146p205,,6ee9d1f8b646bbeb164db7e7b5fa9f940096687fd46e761e8ce10eca9cc94208,1129.6000,2.7000,1132.3000,97.348000,164.562000,PASS,True,True,False,False
Iterative,D²AP,single D²AP objective candidate archive,archive_000,p0800,,414fb13f9b40e3df8a9bffdc8ac70e5cc63179da84a34e2117be46c2b4d3ab40,684.5000,2.0000,686.5000,117.853000,193.104000,PASS,True,True,False,False
Iterative,D²AP,single D²AP objective candidate archive,archive_001,p0800,,855fdd138014e1af1c230a8723497b81a938afd89decf1dadd923b9b22a8df38,686.3000,2.0000,688.3000,117.806000,193.031000,PASS,True,False,False,False
Iterative,D²AP,single D²AP objective candidate archive,archive_002,p0800,,bfc939075b8304a8a3bdb404ae4ed6e3ffec9cb5924e004c065d45877adcd267,686.5000,2.0000,688.5000,117.806000,193.050000,PASS,False,False,False,False
Iterative,D²AP,single D²AP objective candidate archive,archive_003,p0800,,ad0e58e4d40d35393fa0cfc5be6facceb5554edfc5d3f9557025e17a99e8b987,686.3000,2.0000,688.3000,117.806000,193.025000,PASS,True,True,False,False
Iterative,D²AP,single D²AP objective candidate archive,archive_004,p0800,,7b070cf3607177e1999534c881b353631f9ec9b0a1e03fab0f6f69af17dd7b2f,686.3000,2.0000,688.3000,117.806000,193.051000,PASS,True,False,False,False
Iterative,D²AP,single D²AP objective candidate archive,archive_005,p0800,,d90745e315e332ad0eb37b97f423c579d0c2c4ccad0d593f8170f458d5cab276,686.3000,2.0000,688.3000,117.806000,193.052000,PASS,True,False,False,False
Iterative,D²AP,single D²AP objective candidate archive,archive_006,p0800,,69f9994254b7ca29c741114f1b3377219b82aa96f7629fdab0cf1b13bebaf95e,686.3000,2.0000,688.3000,117.806000,193.054000,PASS,True,False,False,False
Iterative,D²AP,single D²AP objective candidate archive,archive_007,p0800,,689ea0f44dba27b7dd2b15e7668260ea59b1af2813eddc770affe8359ccf64ca,686.3000,2.0000,688.3000,117.806000,193.028000,PASS,True,False,False,False
Iterative,D²AP,single D²AP objective candidate archive,archive_008,p0800,,a7b783ff08dce471d36b4592865ff73b063b6b6c33c363cb3f64fa32583b8a8e,686.3000,2.0000,688.3000,117.806000,193.054000,PASS,True,False,False,False
Iterative,D²AP,single D²AP objective candidate archive,archive_009,p0800,,c12f0af07052f485e99db5273590ca8e203f4e7e78e2e211081b3741e94542fd,686.3000,2.0000,688.3000,117.806000,193.061000,PASS,True,False,False,False
Iterative,D²AP,single D²AP objective candidate archive,archive_010,p0800,,3855644afcb81486743ed198726108b82af1632520b64ee3a49f442d03686a5e,686.3000,2.0000,688.3000,117.806000,193.056000,PASS,True,False,False,False
Iterative,D²AP,single D²AP objective candidate archive,archive_011,p0800,,96321da9c00560ae760c6643fefeefa280d225eff4b070ffd82831191edecea7,686.3000,2.0000,688.3000,117.806000,193.056000,PASS,True,False,False,False
Iterative,D²AP,single D²AP objective candidate archive,archive_012,p0800,,30afb97ac74ea955398190bed41833630f05199c9890b1eb06ebc5ff2c8ca41d,686.3000,2.0000,688.3000,117.806000,193.062000,PASS,True,False,False,False
Iterative,D²AP,single D²AP objective candidate archive,archive_013,p0800,,d9f31bebb273ed401a69643251e9f4e370cd4248dfcb8fbc310c74c1b8c644e5,686.3000,2.0000,688.3000,117.806000,193.067000,PASS,True,False,False,False
Iterative,D²AP,single D²AP objective candidate archive,archive_014,p0800,,12729ecb4b01712fe2df4e6a11660ec1976b5c6df6679871e0bdd6830f139565,686.5000,2.0000,688.5000,117.806000,193.067000,PASS,False,False,False,False
Iterative,D²AP,single D²AP objective candidate archive,archive_015,p0800,,02613795fe639a7a96f716d5d313232d5a14760f65a5dc5553787fbcfd2cde56,686.3000,2.0000,688.3000,117.806000,193.058000,PASS,True,False,False,False
Iterative,D²AP,single D²AP objective candidate archive,archive_016,p0800,,aea9ec14c00c2bfc38fb9f04a825e0bde0f54407861a7c029487ebd0fa7398fd,686.3000,2.0000,688.3000,117.806000,193.058000,PASS,True,False,False,False
Iterative,D²AP,single D²AP objective candidate archive,archive_017,p0800,,4580b549a216c4aa3ee8ad78de7174137c7755fcc2dd9519782572c70215ab6b,686.3000,2.0000,688.3000,117.806000,193.059000,PASS,True,False,False,False
Iterative,D²AP,single D²AP objective candidate archive,archive_018,p0800,,c4f9533b6f3a3afb569b62deab6b4f73b5362011b87bc5c41df66773047155f8,686.3000,2.0000,688.3000,117.806000,193.064000,PASS,True,False,False,False
Iterative,D²AP,single D²AP objective candidate archive,archive_019,p0800,,52c81102c4604be4c3baad1be651ccce625b4046e187088d72c68f84f36ed122,686.3000,2.0000,688.3000,117.806000,193.058000,PASS,True,False,False,False
Iterative,D²AP,single D²AP objective candidate archive,archive_020,p0800,,4e5893846d82f366da81548354a862d5e34b0a6e73e9673a037650585b5da589,686.3000,2.0000,688.3000,117.806000,193.060000,PASS,True,False,False,False
Iterative,D²AP,single D²AP objective candidate archive,archive_021,p0825,,362b8cfbf9a1e407d4500fa44fbb4baaa774ef4b28a03633d68d1573844be64a,717.4000,4.0000,721.4000,116.838000,193.359000,PASS,True,False,False,False
Iterative,D²AP,single D²AP objective candidate archive,archive_022,p0825,,bc69f53f982080a6d8d280e64443f6b976e77772c7d6f52c083f39c44cb1dad2,720.3000,4.0000,724.3000,116.698000,193.118000,PASS,True,False,False,False
Iterative,D²AP,single D²AP objective candidate archive,archive_023,p0850,,b0dbc760a85fe529ec3fb933b69875ee6ebe52bdfb03efb53e4718ad12f948c1,723.7000,2.6000,726.3000,115.264000,189.108000,PASS,False,False,False,False
Iterative,D²AP,single D²AP objective candidate archive,archive_024,p0850,,06322d1be0ca62cfb57a43d3c67df6aa2ed34b843290cd9745f9bf6572b113b0,723.6000,2.6000,726.2000,115.182000,188.930000,PASS,True,True,False,False
Iterative,D²AP,single D²AP objective candidate archive,archive_025,p0850,,9caf97afa7130ec3dfba2819d787fdd5443559f257a8ef8166ad5e63611f3295,723.6000,2.6000,726.2000,115.182000,188.936000,PASS,True,False,False,False
Iterative,D²AP,single D²AP objective candidate archive,archive_026,p0850,,f6a6f4ffb410e3c004b31f6b766e2453623de00a5c4a31e9f3c7ae480f05a4be,724.5000,2.6000,727.1000,115.170000,188.957000,PASS,False,False,False,False
Iterative,D²AP,single D²AP objective candidate archive,archive_027,p0850,,344492d70b8afe7f5fb23501f681b63b7d73c51a53c1201d7030c5ae6b7c348c,724.5000,2.6000,727.1000,114.995000,188.775000,PASS,True,False,True,False
Iterative,D²AP,single D²AP objective candidate archive,archive_028,p0850,,596e4e4185a380e3b0c67a3ee7ae66fbe7da20f6fd253835c6a2a055623d7b78,724.5000,2.6000,727.1000,114.995000,188.776000,PASS,True,False,True,False
Iterative,D²AP,single D²AP objective candidate archive,archive_029,p0850,,6682a3b4c29695a1f6e3100a5247b076853cb73540f4e1cd946bd9aba36c8419,724.5000,2.6000,727.1000,114.995000,188.771000,PASS,True,True,True,True
Iterative,D²AP,single D²AP objective candidate archive,archive_030,p0850,,f35cad157362be3e10503d3248dadf43cbc4c4c072e4b405794ceffe020a508f,724.5000,2.6000,727.1000,114.995000,188.777000,PASS,True,False,True,False
Iterative,D²AP,single D²AP objective candidate archive,archive_031,p0850,,d6fc5f10059aaad0e9b86c299cde71e01bc3fba4d647877af79cf2a5318e4b85,724.5000,2.6000,727.1000,114.995000,188.778000,PASS,True,False,True,False
Iterative,D²AP,single D²AP objective candidate archive,archive_032,p0850,,3bac7833f0d5a1be0afb3ec4f2da6dcaded1f14b6dd27bd4b372e37107524f76,724.5000,2.6000,727.1000,114.995000,188.772000,PASS,True,False,True,False
Iterative,D²AP,single D²AP objective candidate archive,archive_033,p0850,,e7f57613bf3352a354adfe89bf9d3aa43ebae3edebb6a015cfd7e108d21ca0da,724.5000,2.6000,727.1000,114.995000,188.773000,PASS,True,False,True,False
Iterative,D²AP,single D²AP objective candidate archive,archive_034,p0850,,589bb3d36a20e194ed558627eeac2ca9d464a8647e5c2a3ae035b9a4bcc88c9b,734.9000,3.5000,738.4000,115.065000,188.708000,PASS,False,True,False,False
Iterative,D²AP,single D²AP objective candidate archive,archive_035,p0850,,e772c6a4be12b821bf919cfc2f7a82d60ad2ba9a589d264b2e04ec2a152c5a1e,737.2000,3.5000,740.7000,115.065000,188.694000,PASS,False,True,False,False
Iterative,D²AP,single D²AP objective candidate archive,archive_036,p0875,,dc336425e9d66b6212f87036da011ab1d4182030861128c37aa00f50eb1a629f,760.2000,2.0000,762.2000,114.750000,189.792000,PASS,True,False,True,False
Iterative,D²AP,single D²AP objective candidate archive,archive_037,p0935,,2f2d94fbfe0008e26c1042dad179e6bdaa3884b4c9c6d543aa16b40ff8891178,792.1000,2.7000,794.8000,114.027000,188.540000,PASS,True,True,True,False
Iterative,D²AP,single D²AP objective candidate archive,archive_038,p0935,,d9d4a459a9b8d62a3b5086e058a81fe4c70efa121175a1804755f3cc8fd2e376,795.5000,2.7000,798.2000,113.957000,188.360000,PASS,True,True,True,True
Iterative,D²AP,single D²AP objective candidate archive,archive_039,p0935,,46a0767c41bfbd6e5fbce9506ab5c076243849fa1adbbf9896e4210174ced8e5,798.8000,2.0000,800.8000,113.934000,188.390000,PASS,False,False,False,False
Iterative,D²AP,single D²AP objective candidate archive,archive_040,p0935,,8aba5a5bb4c8b3723e7ce61babb447db1e30662e21cb0c0a05c1a565d72ea22b,798.2000,2.0000,800.2000,113.934000,188.395000,PASS,True,False,True,False
Iterative,D²AP,single D²AP objective candidate archive,archive_041,p0935,,be701fdaba3f0e21aa7a304c2e3927842ffa039ef0b09072aa89c853506a3b83,801.4000,2.0000,803.4000,113.701000,188.111000,PASS,True,True,True,True
Iterative,D²AP,single D²AP objective candidate archive,archive_042,p0935,,29a029aae3d11e8be9a2f59f2bc66e2b6ebf0efa8c4884bfaa1c82afa8a71549,801.4000,2.0000,803.4000,113.701000,188.115000,PASS,True,False,True,False
Iterative,D²AP,single D²AP objective candidate archive,archive_043,p0935,,5945596d9c53054ec282dd7778ad02e43c4b91f4dcdf0351bafb898d6b4c1bd2,801.5000,2.0000,803.5000,113.701000,188.111000,PASS,False,False,False,False
Iterative,D²AP,single D²AP objective candidate archive,archive_044,p0935,,94bf0cb3075441f4f510350f1f35f2df016f17f4f998b6d25db878430dea105c,801.5000,2.0000,803.5000,113.701000,188.116000,PASS,False,False,False,False
Iterative,D²AP,single D²AP objective candidate archive,archive_045,p0850,,3501454200c68ac65788469d4c961d57ccd01dfda7c771c679a2c7582724f614,804.9000,3.8000,808.7000,114.680000,188.199000,PASS,False,False,False,False
Iterative,D²AP,single D²AP objective candidate archive,archive_046,p0850,,32ec8f3643d565b6c6b0696e291dab55f686beeab70b5d3493ca1eaa3a2360c8,805.8000,3.5000,809.3000,114.680000,188.183000,PASS,False,False,False,False
Iterative,D²AP,single D²AP objective candidate archive,archive_047,p0850,,79c0b3042e633b013a729992cd15af48d67453ea188a8646b0538f060a380a78,810.4000,2.7000,813.1000,114.645000,188.171000,PASS,False,False,False,False
Iterative,D²AP,single D²AP objective candidate archive,archive_048,p0850,,4d807c45d24c1e237ade8de674827d8cc5b2ede492464c70ea752b2439f1257d,813.1000,3.8000,816.9000,114.645000,188.135000,PASS,False,False,False,False
Iterative,D²AP,single D²AP objective candidate archive,archive_049,p0935,,59ba7ea069c595580b59b40dd6009bb20414ef4e563f43e48833f4d5cba7db12,807.8000,2.7000,810.5000,113.549000,187.781000,PASS,True,True,False,False
Iterative,D²AP,single D²AP objective candidate archive,archive_050,p0935,,7817e917a70922b535148a4db9102923d41bfc2047a3ab4f14bbabf6ebdf9912,813.5000,2.0000,815.5000,113.526000,187.742000,PASS,True,True,False,False
Iterative,D²AP,single D²AP objective candidate archive,archive_051,p0850,,595148efbe5d29578fbe7c28960d5bcda27e1440d9643e23aa958f5abced856d,821.8000,3.5000,825.3000,114.564000,188.011000,PASS,False,False,False,False
Iterative,D²AP,single D²AP objective candidate archive,archive_052,p0946p865,,bb3cbaab1a3fa8a595b0ccf196686d8d2f5dc12d5da698e59cf7bab2a764b95b,821.3000,2.6000,823.9000,109.618000,181.731000,PASS,True,True,True,True
Iterative,D²AP,single D²AP objective candidate archive,archive_053,p0946p865,,d7f9c3bdb5d144b2eb91bc2072f9fcca82fc6b57ddffd83c61b9d23b79895fa0,824.0000,2.6000,826.6000,109.595000,181.687000,PASS,True,True,True,True
Iterative,D²AP,single D²AP objective candidate archive,archive_054,p0946p865,,2039199ec32dd35fc2d1a133dee960e9bb784b30ddad220f44d647527231ffc0,825.4000,2.6000,828.0000,109.572000,181.644000,PASS,False,False,False,False
Iterative,D²AP,single D²AP objective candidate archive,archive_055,p0946p865,,6679fb42d78dd88460406071dc51105e0c0b46a0431825d6deb02fe82501d9ab,825.4000,2.6000,828.0000,109.572000,181.652000,PASS,False,False,False,False
Iterative,D²AP,single D²AP objective candidate archive,archive_056,p0946p865,,4ea108afdec3922c336dc075e7b5d520c6e7e7c154870cd8f7d31f5655ce525e,825.4000,2.6000,828.0000,109.572000,181.652000,PASS,False,False,False,False
Iterative,D²AP,single D²AP objective candidate archive,archive_057,p0946p865,,1b4024f3b9a86f1629cad1527e5439da6ace9bc6354b16b6666d5320fe764768,824.8000,2.7000,827.5000,109.420000,181.415000,PASS,True,True,True,True
Iterative,D²AP,single D²AP objective candidate archive,archive_058,p0946p865,,6e0a69ca080dd6cdfbd69fb4530ef3f1a72fd856d720fd5a7826e87065784420,824.8000,2.7000,827.5000,109.420000,181.416000,PASS,True,False,True,False
Iterative,D²AP,single D²AP objective candidate archive,archive_059,p0946p865,,733094ab98573a1791d43c1d58a44b3b471a4e64affa09644dc8cc914e2a1ea5,824.8000,2.7000,827.5000,109.420000,181.416000,PASS,True,False,True,False
Iterative,D²AP,single D²AP objective candidate archive,archive_060,p0946p865,,ac429b7205bd9c2d4bc3a12e34c21c53fffe4f3cf222df1137eb59c64d5c3d5c,824.8000,2.7000,827.5000,109.420000,181.415000,PASS,True,True,True,True
Iterative,D²AP,single D²AP objective candidate archive,archive_061,p0946p865,,bf7e1a14cc263618dc7fb6e5976d70b6e17d84a93eee34ef2b3bfbe53d4bd631,824.8000,2.7000,827.5000,109.420000,181.415000,PASS,True,True,True,True
Iterative,D²AP,single D²AP objective candidate archive,archive_062,p0946p865,,9d765d7f88063d0fb858eee8c479ad23b6603043f31a9cb9b7287d29c3c26a35,824.8000,2.7000,827.5000,109.420000,181.416000,PASS,True,False,True,False
Iterative,D²AP,single D²AP objective candidate archive,archive_063,p0946p865,,5689e111196801547be52fc278f95ae18d7fe91fa697bb487df7283a886fd4b2,824.8000,2.7000,827.5000,109.420000,181.422000,PASS,True,False,True,False
Iterative,D²AP,single D²AP objective candidate archive,archive_064,p0946p865,,668da412737a3fcca90f781101afbd476f5988131567ea0c6fe61eb130f3f36d,824.8000,2.7000,827.5000,109.420000,181.417000,PASS,True,False,True,False
Iterative,D²AP,single D²AP objective candidate archive,archive_065,p0946p865,,588087a41baf31cb928a994beadba351d0d9a48088cef663fed23128c6c8c56a,836.4000,4.0000,840.4000,109.373000,181.418000,PASS,True,False,False,False
Iterative,D²AP,single D²AP objective candidate archive,archive_066,p0946p865,,6aa71b81ba013f4ff9d55e15f96b38be062e75cd72fc5eeeb748666ff7986562,836.4000,4.0000,840.4000,109.373000,181.417000,PASS,True,False,False,False
Iterative,D²AP,single D²AP objective candidate archive,archive_067,p0946p865,,752bf3bf26964bd3c5db018d679089784d8cf55e6eb46a311a6e506da62d6540,836.4000,4.0000,840.4000,109.373000,181.417000,PASS,True,False,False,False
Iterative,D²AP,single D²AP objective candidate archive,archive_068,p0946p865,,effe152dc3eb6f899d433f4874163827df5e6daecbc44b1ab56b1c9cca73ad6e,836.4000,4.0000,840.4000,109.373000,181.417000,PASS,True,False,False,False
Iterative,D²AP,single D²AP objective candidate archive,archive_069,p0946p865,,321b62daf1c6f8c17e90a66dc879b4ed45e1099178d06e4b29f6af85b44fd418,859.7000,4.0000,863.7000,109.408000,181.331000,PASS,False,True,False,False
Iterative,D²AP,single D²AP objective candidate archive,archive_070,p1025,,bc12f5678efd626c07d8386eeff290133c6cac973b9a84ff06758df042b9ffd6,896.9000,2.6000,899.5000,108.149000,180.005000,PASS,True,True,True,True
Iterative,D²AP,single D²AP objective candidate archive,archive_071,p1025,,489691521ae40c0b799503b77963972d6fb62b45b95fab41771d9193b3075b6d,899.6000,2.7000,902.3000,108.090000,179.937000,PASS,True,False,False,False
Iterative,D²AP,single D²AP objective candidate archive,archive_072,p1025,,4c78d29bfee94e58a60c33cf77b30eebe2d703957afa3fa8424608092495e617,899.6000,2.7000,902.3000,108.090000,179.942000,PASS,True,False,False,False
Iterative,D²AP,single D²AP objective candidate archive,archive_073,p1025,,30e046f51ac465ac8d9e2ee5046812ebac0a454a8a6dff4169875a42df988187,899.6000,2.7000,902.3000,108.090000,179.932000,PASS,True,True,False,True
Iterative,D²AP,single D²AP objective candidate archive,archive_074,p1025,,94ed078783e5aafb1ad9bf9c1155933a26874cc6e88b65874fba3332cb9260e9,899.6000,2.7000,902.3000,108.090000,179.942000,PASS,True,False,False,False
Iterative,D²AP,single D²AP objective candidate archive,archive_075,p1025,,665aceb89b9623f7bee1df4b3bc506f4346820c0323a2f98185b4110094fc7aa,899.6000,2.7000,902.3000,108.090000,179.939000,PASS,True,False,False,False
Iterative,D²AP,single D²AP objective candidate archive,archive_076,p1025,,981d139615ca2639d5c19c61c119d8389929ef07d1690e77887f9a59fa297f21,899.6000,2.7000,902.3000,108.090000,179.933000,PASS,True,False,False,False
Iterative,D²AP,single D²AP objective candidate archive,archive_077,p1025,,e2f1bea25428d1b74e31bcf85a521a1090baff137d6f1d4a611bf72efeeec075,899.6000,2.7000,902.3000,108.090000,179.948000,PASS,True,False,False,False
Iterative,D²AP,single D²AP objective candidate archive,archive_078,p1025,,9870d6999977c8f8ad66a8a74984d5643966bb7e77a47cd7c8b700b507cbf94b,899.6000,2.7000,902.3000,108.090000,179.933000,PASS,True,False,False,False
Iterative,D²AP,single D²AP objective candidate archive,archive_079,p1046p535,,3268c51f07d70f5ce68f900e161e2f521090cd638e26142b651e2e621f7535b3,913.7000,2.7000,916.4000,107.390000,179.750000,PASS,True,True,True,True
Iterative,D²AP,single D²AP objective candidate archive,archive_080,p1025,,e1abc880d68099feaf75e7b9b875d20a37237d3f0f7ebfa41eb6aeee339faa03,920.8000,2.6000,923.4000,107.962000,179.742000,PASS,False,True,False,True
Iterative,D²AP,single D²AP objective candidate archive,archive_081,p1046p535,,26385819e7779082be38d8f8f3949c1f413cfba727a158a2f7e24e88de0c8453,932.1000,2.6000,934.7000,107.367000,179.650000,PASS,True,True,False,False
Iterative,D²AP,single D²AP objective candidate archive,archive_082,p1046p535,,bb8b3b088610fe84782d8d419ad385b4c3f34480b6545c39e3e05bc50bb5da57,933.9000,2.7000,936.6000,107.355000,179.621000,PASS,False,False,False,False
Iterative,D²AP,single D²AP objective candidate archive,archive_083,p1046p535,,3f13fb3174f722183a036b665c8113d8197517f4afdfdccb7045642d110b87bc,933.8000,2.7000,936.5000,107.332000,179.576000,PASS,True,True,False,False
Iterative,D²AP,single D²AP objective candidate archive,archive_084,p1070,,5d222283e042a3decccf376fe66bc0d16151e84c22208b255bdbe1df3aba0719,939.9000,2.6000,942.5000,106.959000,178.558000,PASS,True,True,False,False
Iterative,D²AP,single D²AP objective candidate archive,archive_085,p1070,,56f1dd4ec0cf2dd39207c55cdb6d54c3e4436620d1b40c82173d6f69a8bf65ec,945.1000,2.6000,947.7000,106.807000,178.262000,PASS,True,False,False,False
Iterative,D²AP,single D²AP objective candidate archive,archive_086,p1070,,8919fbc4ba842f857523563fd20fa43cb815d4356e8300ec09cd3ef063788410,945.1000,2.6000,947.7000,106.807000,178.270000,PASS,True,False,False,False
Iterative,D²AP,single D²AP objective candidate archive,archive_087,p1070,,8de67d61696e51ae056a0bee123d9a058f8f498787fb45d612e7ecad06c9781f,945.1000,2.6000,947.7000,106.807000,178.268000,PASS,True,False,False,False
Iterative,D²AP,single D²AP objective candidate archive,archive_088,p1070,,017e71862076a71a94d672a469945f8447a7f3d88ec3dabb9bae21e809a33d01,945.1000,2.6000,947.7000,106.807000,178.260000,PASS,True,True,False,False
Iterative,D²AP,single D²AP objective candidate archive,archive_089,p1070,,be5b7c4f10ab563e68cde97b4da69b7d737a85492d771558226d117e585e63d8,945.1000,2.6000,947.7000,106.807000,178.269000,PASS,True,False,False,False
Iterative,D²AP,single D²AP objective candidate archive,archive_090,p1070,,147c0580bb2a2a635f7eefbdada3bd33b73d18627981ddb8f2b08072b7699f36,945.1000,2.6000,947.7000,106.807000,178.272000,PASS,True,False,False,False
Iterative,D²AP,single D²AP objective candidate archive,archive_091,p1070,,01ba708513c78ae3994be09c503ce119e1436530357a0d9ffb0c1fb35a80a738,945.1000,2.6000,947.7000,106.807000,178.267000,PASS,True,False,False,False
Iterative,D²AP,single D²AP objective candidate archive,archive_092,p1070,,e8e170b51c0a7f7cf33bc32a7aa0bc7dc8f83cd556613651e7a7b23f0e169970,945.1000,2.6000,947.7000,106.807000,178.265000,PASS,True,False,False,False
Iterative,D²AP,single D²AP objective candidate archive,archive_093,p1070,,7aaa6289e5a1753f4f55751ef50eaf4c50e449f89e2659d61753ac96041f4198,950.2000,2.6000,952.8000,106.877000,178.189000,PASS,False,False,False,False
Iterative,D²AP,single D²AP objective candidate archive,archive_094,p1070,,145cb2bf488bbebcdb45d79ab1c399f4bf620ecc1736e8f6b67c33898e5c9a18,950.2000,2.6000,952.8000,106.819000,178.115000,PASS,False,True,False,False
Iterative,D²AP,single D²AP objective candidate archive,archive_095,p1070,,e8d5a0609181d1adf0046266e87e99ef68e0720d58f475cce1bd69084ace892e,953.7000,2.6000,956.3000,106.854000,178.113000,PASS,False,True,False,False
Iterative,D²AP,single D²AP objective candidate archive,archive_096,p1070,,1fb620280e770e365317f9f57362b4756dc865fc64cead315f253b231a843ea6,965.2000,2.6000,967.8000,106.726000,178.071000,PASS,True,False,False,False
Iterative,D²AP,single D²AP objective candidate archive,archive_097,p1070,,630ada2a9537826e746933c9b743a31adb5dab2eb82c8ad8a6ea29ad339be661,965.2000,2.6000,967.8000,106.726000,178.078000,PASS,True,False,False,False
Iterative,D²AP,single D²AP objective candidate archive,archive_098,p1070,,e31416e25f64a4ca298065b151c842aa0cc745c5ee76081bb35fff54154b79aa,965.2000,2.6000,967.8000,106.737000,178.041000,PASS,False,True,False,False
Iterative,D²AP,single D²AP objective candidate archive,archive_099,p1070,,534ed9c3d9b213a84e57d92afb7bbd47fe4fbccdc1abdf55809424d7c151216a,965.4000,2.6000,968.0000,106.714000,178.087000,PASS,True,False,False,False
Iterative,D²AP,single D²AP objective candidate archive,archive_100,p1096p37,,229f5e97903fed8b55ab5c7523caf4b9a9960b24379d467accd939b22696af91,997.9000,2.6000,1000.5000,104.486000,175.373000,PASS,True,True,True,True
Iterative,D²AP,single D²AP objective candidate archive,archive_101,p1096p37,,2681df64842eab7d907ee68e120a9424fa56ca462bcd0309bdf21ca3ad3a42b5,1002.4000,2.6000,1005.0000,104.439000,175.257000,PASS,True,True,False,False
Iterative,D²AP,single D²AP objective candidate archive,archive_102,p1096p37,,f1f0d462e37a9c8e4827716ab7e79ee6940596b2ddaeb13840833f23e627ef10,1011.5000,2.6000,1014.1000,104.393000,175.147000,PASS,True,True,False,False
Iterative,D²AP,single D²AP objective candidate archive,archive_103,p1096p37,,bc6546d7d9e7b84d9b500e86904448ba640a24d9bb2e5cd383afcdf655d9bad9,1018.0000,2.6000,1020.6000,104.288000,175.053000,PASS,True,True,False,False
Iterative,D²AP,single D²AP objective candidate archive,archive_104,p1096p37,,42fb375a6c5d29ceeebc9a15ec037ebee5705ea3dbae19b7a1a6d23746e743cf,1045.5000,2.6000,1048.1000,104.218000,174.988000,PASS,True,True,False,False
Iterative,D²AP,single D²AP objective candidate archive,archive_105,p1120,,fe5c8e32c6fac48e9a1f6436ad411f4cb2be8b9f3e7036a95bb695ffcdbce339,1060.7000,2.6000,1063.3000,101.512000,169.927000,PASS,True,True,False,False
Iterative,D²AP,single D²AP objective candidate archive,archive_106,p1120,,72246770248af7daa76747e1668259d3b36bfa9321245b3d520605da2dd37965,1065.3000,2.6000,1067.9000,101.453000,169.837000,PASS,False,False,False,False
Iterative,D²AP,single D²AP objective candidate archive,archive_107,p1120,,a8129d794bc4d46538de9c1ffa3da30644d8db159eb9cf372b99163a9cc8aa8b,1065.3000,2.6000,1067.9000,101.395000,169.775000,PASS,True,False,False,False
Iterative,D²AP,single D²AP objective candidate archive,archive_108,p1120,,f680a67af8235a0943cf1db20dc7181642b18b1714571eb714c63a5c7f87cb3b,1065.3000,2.6000,1067.9000,101.395000,169.774000,PASS,True,True,False,False
Iterative,D²AP,single D²AP objective candidate archive,archive_109,p1120,,270890a6b575b91e3e5cc88cb6a393aae7eff282070f4c8b8ab0c17768509d5e,1068.2000,2.6000,1070.8000,101.465000,169.758000,PASS,False,True,False,False
Iterative,D²AP,single D²AP objective candidate archive,archive_110,p1120,,9bcdcab7d0ac2373ab22a5f3300c32cd4e008fde1b91859fd7331ac4c6a00bf3,1073.0000,2.6000,1075.6000,101.337000,169.630000,PASS,True,True,False,False
Iterative,D²AP,single D²AP objective candidate archive,archive_111,p1146p205,,05a3f0f4e29074b95023387f83ebf861f106e92cc63b49ce0f18babeb2967858,1079.0000,2.6000,1081.6000,97.313000,164.727000,PASS,True,True,True,True
Iterative,D²AP,single D²AP objective candidate archive,archive_112,p1146p205,,a65a11725efd20244d001e7320b43c7db6ec17835467ade13ac9bdc283ce69c7,1087.4000,2.6000,1090.0000,97.219000,164.453000,PASS,True,True,True,True
Iterative,D×P²,single D×P² objective candidate archive,archive_000,p0800,,de9a94e852076d55243344dcdd8ecb8b161bd6474fa0edb3a4e7a8a469a6067e,683.9000,2.7000,686.6000,117.643000,192.625000,PASS,True,True,False,False
Iterative,D×P²,single D×P² objective candidate archive,archive_001,p0800,,7268660378a2c82c225cd872ac71d3113df356d650f69ce5827b19fe09028a79,685.6000,2.7000,688.3000,117.596000,192.563000,PASS,True,False,False,False
Iterative,D×P²,single D×P² objective candidate archive,archive_002,p0800,,da03595cffc160e096fadc37e0d0b061b0cf656c94b8ed2e1f267ad51b39daa6,685.6000,2.7000,688.3000,117.596000,192.555000,PASS,True,False,False,False
Iterative,D×P²,single D×P² objective candidate archive,archive_003,p0800,,f0caca102b08ef1c2f84a3747d7f1383c222d3a64a39fb115f0314865d23e8b8,685.6000,2.7000,688.3000,117.596000,192.558000,PASS,True,False,False,False
Iterative,D×P²,single D×P² objective candidate archive,archive_004,p0800,,ea094d47458ae8d113f0a2613a1c66609b92a48828111e46e36811bce02d1c92,685.6000,2.7000,688.3000,117.596000,192.551000,PASS,True,True,False,True
Iterative,D×P²,single D×P² objective candidate archive,archive_005,p0800,,1c56ba152ce9b7c28c4f46a5bd35cd7c52411f91a4ca93a8fbd32dd408ba3218,703.0000,2.7000,705.7000,117.596000,192.567000,PASS,False,False,False,False
Iterative,D×P²,single D×P² objective candidate archive,archive_006,p0800,,3356170d341e424569006551f6c3e05d00f10b3f20f6c9f3146de8d5b651d172,710.2000,2.7000,712.9000,117.585000,192.499000,PASS,True,True,False,True
Iterative,D×P²,single D×P² objective candidate archive,archive_007,p0850,,1e1d3979981d41abfaadf67bdf543b5fc59760761d2dc1846af6839f16f3e779,728.8000,2.6000,731.4000,114.960000,188.587000,PASS,True,True,False,False
Iterative,D×P²,single D×P² objective candidate archive,archive_008,p0850,,6f08e922966f812a715ef271e37709dd27db093283119216dcd89f6ed16747e6,729.1000,2.6000,731.7000,114.832000,188.485000,PASS,True,False,True,False
Iterative,D×P²,single D×P² objective candidate archive,archive_009,p0850,,5e86d78b3e8d1d6ac5340619239ff384af844eb546602bea80407e3cce03e492,729.1000,2.6000,731.7000,114.832000,188.473000,PASS,True,True,True,True
Iterative,D×P²,single D×P² objective candidate archive,archive_010,p0850,,bfa0fb3bcd21d028c774bf16e51ad2225de2511f10d3cdd1b8dd00f7fad87924,730.9000,3.5000,734.4000,114.855000,188.425000,PASS,False,True,False,True
Iterative,D×P²,single D×P² objective candidate archive,archive_011,p0875,,9cc40cbd937f7a15f6f1b763c4ad703fd1caa8b20a17f295478d464cb80a53f5,771.6000,2.7000,774.3000,114.529000,189.274000,PASS,False,False,False,False
Iterative,D×P²,single D×P² objective candidate archive,archive_012,p0875,,726dfe7a8d195bc64849ec87c2b05618de80db94c50d7cf139361a8372de559c,771.6000,2.7000,774.3000,114.470000,189.221000,PASS,True,False,True,False
Iterative,D×P²,single D×P² objective candidate archive,archive_013,p0850,,4782517bb52a62b6b203470a3dcce50152ac1ed4697ce150e857061ad450029c,808.9000,3.5000,812.4000,114.634000,188.056000,PASS,False,False,False,False
Iterative,D×P²,single D×P² objective candidate archive,archive_014,p0935,,8cf64ca3b732a5b01cf18c99c2af8d8949e428bf1b2ac5112cb3c414e206a1cb,807.3000,2.6000,809.9000,113.374000,187.430000,PASS,True,True,True,True
Iterative,D×P²,single D×P² objective candidate archive,archive_015,p0935,,5c634f130327337dd7230cc8a2e2a977f1adb047e52a46ce4f85678240a89f09,808.5000,2.6000,811.1000,113.374000,187.442000,PASS,False,False,False,False
Iterative,D×P²,single D×P² objective candidate archive,archive_016,p0935,,e2568d9ae3be603b832939e917acd064525a8d431120dc61c398de7576ef465f,808.5000,2.6000,811.1000,113.257000,187.305000,PASS,True,True,True,True
Iterative,D×P²,single D×P² objective candidate archive,archive_017,p0935,,477d3f577ca2c7494640db0c31e9065bc29784dcd837182fb3fb949d93338a4f,820.2000,2.7000,822.9000,113.211000,187.178000,PASS,True,True,True,True
Iterative,D×P²,single D×P² objective candidate archive,archive_018,p0946p865,,d99a3828574078838fa56ea0d17ec8b7eb59e98c90948c489c9628b8183f0227,833.1000,2.6000,835.7000,108.918000,180.698000,PASS,True,True,True,True
Iterative,D×P²,single D×P² objective candidate archive,archive_019,p0946p865,,9ad4138022d8d5566f310cc54d4d5784be7b92eddb555e80f07e1a5ee325af31,835.5000,2.6000,838.1000,108.918000,180.714000,PASS,False,False,False,False
Iterative,D×P²,single D×P² objective candidate archive,archive_020,p0946p865,,eef06c656fcd8578874a65e0de244952de7d1cb714d1ef797d5e5bfbeb04b4ae,835.5000,2.6000,838.1000,108.918000,180.716000,PASS,False,False,False,False
Iterative,D×P²,single D×P² objective candidate archive,archive_021,p0946p865,,47401f0c6860bb7b184e2296e38c75156956822db26cb682c1d2ba873e96d74c,838.6000,2.6000,841.2000,108.953000,180.709000,PASS,False,False,False,False
Iterative,D×P²,single D×P² objective candidate archive,archive_022,p0946p865,,1eeb0fdee0ab8e2e55311feae2e82cf22f0f2d798a5facabcaedbf1a8aaa8e1b,845.6000,2.6000,848.2000,109.035000,180.704000,PASS,False,False,False,False
Iterative,D×P²,single D×P² objective candidate archive,archive_023,p0946p865,,20038a9a606453b5a0c29457eee512a03caffaed78de4bbfb960be4e832b9f1a,872.5000,2.6000,875.1000,109.093000,180.656000,PASS,False,True,False,True
Iterative,D×P²,single D×P² objective candidate archive,archive_024,p0946p865,,99296788ad0e81d5587504646442d508ab471696dd46c4e40d93fd9c89dc56b6,875.6000,2.6000,878.2000,109.082000,180.649000,PASS,False,True,False,True
Iterative,D×P²,single D×P² objective candidate archive,archive_025,p0946p865,,ca49585e8630e104f9a3ca58dd9cc25fee092a4441b7626c1a6e0cffe6907043,916.1000,2.9000,919.0000,109.012000,180.529000,PASS,False,True,False,False
Iterative,D×P²,single D×P² objective candidate archive,archive_026,p0946p865,,6f99ce5fbb941db72802b36e5cbd30b61e08289977fd9d1b1cf15f5c2ff5983a,920.0000,2.9000,922.9000,109.000000,180.510000,PASS,False,True,False,False
Iterative,D×P²,single D×P² objective candidate archive,archive_027,p1010,,9ccb47d94e192d7799ea78abd82f44fd6792595106fa32cca9b5a57a6044fa50,920.5000,3.5000,924.0000,107.752000,178.701000,PASS,False,False,False,False
Iterative,D×P²,single D×P² objective candidate archive,archive_028,p1010,,9d131a899c7938edb13d99e04be2b28f1743dddc1ffb13873cf910a605698225,920.5000,3.5000,924.0000,107.577000,178.481000,PASS,False,False,False,False
Iterative,D×P²,single D×P² objective candidate archive,archive_029,p1010,,7218a02c06149db2b4e1836122335217a0cf6bb060ada5e74a8fdff981136f4b,920.5000,3.5000,924.0000,107.577000,178.481000,PASS,False,False,False,False
Iterative,D×P²,single D×P² objective candidate archive,archive_030,p1010,,89bb3565c4e81e72e52e36c2a1e85a8a4f646033baf65b6ee244bbbed15eab39,920.5000,3.5000,924.0000,107.577000,178.481000,PASS,False,False,False,False
Iterative,D×P²,single D×P² objective candidate archive,archive_031,p1010,,a409e1b3f168ba097f4ae31f4f0107bcb0643c08a6f645be5cb991bb25a596c5,920.5000,3.5000,924.0000,107.577000,178.481000,PASS,False,False,False,False
Iterative,D×P²,single D×P² objective candidate archive,archive_032,p1010,,380ef13db2481f6a9467990869dab39437f578c0de65b3fb113aed83bb0efe0c,920.5000,3.5000,924.0000,107.577000,178.481000,PASS,False,False,False,False
Iterative,D×P²,single D×P² objective candidate archive,archive_033,p1010,,ad1d49c97962c582d0e52401806b94d2a881885dd29611929581f5a59319032c,920.5000,3.5000,924.0000,107.577000,178.481000,PASS,False,False,False,False
Iterative,D×P²,single D×P² objective candidate archive,archive_034,p1010,,2e00972d5885d91b3b2c44e70da31b6f2180eb0f91552bfb410ff37679899e53,920.5000,3.5000,924.0000,107.577000,178.484000,PASS,False,False,False,False
Iterative,D×P²,single D×P² objective candidate archive,archive_035,p1010,,2598dbe24f96ba66a711727aac2719e017ff2d3a5026564825b67a081d8a2266,920.5000,3.5000,924.0000,107.577000,178.484000,PASS,False,False,False,False
Iterative,D×P²,single D×P² objective candidate archive,archive_036,p1010,,ff0a8cfeca01459a4353877cbd9268b86108f2d8e79719498a3746f1be1d96cd,920.5000,3.5000,924.0000,107.519000,178.416000,PASS,True,True,False,True
Iterative,D×P²,single D×P² objective candidate archive,archive_037,p1010,,f163a210335621eaa9558493aa0fd710f538701bfb8122cd40e9e57fc2c4e45d,920.5000,3.5000,924.0000,107.519000,178.417000,PASS,True,False,False,False
Iterative,D×P²,single D×P² objective candidate archive,archive_038,p1010,,03fc5b9f53035151da1401f482d73035a362c941f962ca419047e42611aa159b,920.5000,3.5000,924.0000,107.519000,178.416000,PASS,True,True,False,True
Iterative,D×P²,single D×P² objective candidate archive,archive_039,p1010,,ee56d68e87d5781550c70e342c3b7f452f601fd17c9b4a771a374a0c1491f68b,920.5000,3.5000,924.0000,107.519000,178.416000,PASS,True,True,False,True
Iterative,D×P²,single D×P² objective candidate archive,archive_040,p1010,,ddcf755a03fb13f57e14d339d4de0c933b0fd1b45296730918a055d7a280b4b1,920.5000,3.5000,924.0000,107.519000,178.419000,PASS,True,False,False,False
Iterative,D×P²,single D×P² objective candidate archive,archive_041,p1010,,f87d131f0c3742437ab95de7d5992d4d0c09fb13df452804b9f45628e651f877,920.5000,3.5000,924.0000,107.519000,178.418000,PASS,True,False,False,False
Iterative,D×P²,single D×P² objective candidate archive,archive_042,p1010,,ec16e4cb91f1f37e2784d79e4f2afef03e3a31ee262dfae098736784031a28de,920.5000,3.5000,924.0000,107.519000,178.419000,PASS,True,False,False,False
Iterative,D×P²,single D×P² objective candidate archive,archive_043,p1010,,cb3f1a5e549ac642c3243522fc0e27dcb942756e693b18bb5ed8cd0c4444fcac,920.5000,3.5000,924.0000,107.519000,178.419000,PASS,True,False,False,False
Iterative,D×P²,single D×P² objective candidate archive,archive_044,p1010,,10dc4b94a5c6fe59333aecb09d2952226f67cea606575d33ba1a8ca7bd6aacf8,931.5000,2.6000,934.1000,107.460000,178.334000,PASS,True,True,False,True
Iterative,D×P²,single D×P² objective candidate archive,archive_045,p1046p535,,e139d0ff09bc728c58c88cc65ac7755644aba54bd5e887b653d74b6561e19102,932.1000,2.7000,934.8000,106.621000,178.593000,PASS,True,False,True,False
Iterative,D×P²,single D×P² objective candidate archive,archive_046,p1070,,172f46640bd8dce58d8a003f94f67a320dfce36814e90b8d9d6bfafdc5849962,962.4000,2.6000,965.0000,106.306000,177.361000,PASS,True,True,True,True
Iterative,D×P²,single D×P² objective candidate archive,archive_047,p1070,,2092f1ad7903665bc31f41bca2523dc0309fa1120f7bd1ebc56db242773b5b08,963.0000,2.6000,965.6000,105.956000,176.902000,PASS,True,True,True,True
Iterative,D×P²,single D×P² objective candidate archive,archive_048,p1096p37,,b398b0213f5ad09363bceb48399877743149aaa86af606ce5d0ee37215660211,1038.2000,2.6000,1040.8000,103.261000,173.095000,PASS,True,True,True,True
Iterative,D×P²,single D×P² objective candidate archive,archive_049,p1120,,b2ca40b37fe0688c078e493eb567d9dcee4f7f312284838ce84a271d692b80f2,1072.0000,2.6000,1074.6000,101.302000,169.244000,PASS,False,False,False,False
Iterative,D×P²,single D×P² objective candidate archive,archive_050,p1120,,a89053a21ad6bf2ce8801da8d01dacd2ee3f0c17b7c94dd8fd15ecec94718939,1072.0000,2.6000,1074.6000,101.255000,169.177000,PASS,False,False,False,False
Iterative,D×P²,single D×P² objective candidate archive,archive_051,p1120,,8dc2cdbce7ad2926af455c20120adc77e0a01ed8e48ce00814843df2b5199fcb,1069.0000,2.6000,1071.6000,101.209000,169.089000,PASS,True,False,False,False
Iterative,D×P²,single D×P² objective candidate archive,archive_052,p1120,,32bab2c34b572bd1c4ea67adea9c55bb2f993b25ebf964e71c629bb581a118ab,1069.0000,2.6000,1071.6000,101.209000,169.096000,PASS,True,False,False,False
Iterative,D×P²,single D×P² objective candidate archive,archive_053,p1120,,1b9507ff880db92a1935e09d1d5d9c02ad9bab9f53dff7fb1019c308c877b256,1069.0000,2.6000,1071.6000,101.209000,169.087000,PASS,True,True,False,False
Iterative,D×P²,single D×P² objective candidate archive,archive_054,p1146p205,,32fac2382b1cc1a035252dea3969f4d714bf877393b986ffa7341de8487946f4,1099.9000,2.6000,1102.5000,97.476000,164.494000,PASS,False,False,False,False
Iterative,D×P²,single D×P² objective candidate archive,archive_055,p1146p205,,365ad584ad840f7a4ac4da51a3dfcb0a74ee5a3f8ab58f70f36361c5c0b49c83,1094.0000,2.6000,1096.6000,97.406000,164.423000,PASS,True,True,False,True
Iterative,D×P²,single D×P² objective candidate archive,archive_056,p1146p205,,fbe6273b4e44cca8c9c77156fbeb745fbc679f6369ba97f1f61bd4448d5030cb,1100.8000,2.6000,1103.4000,97.161000,164.134000,PASS,True,True,True,True
Iterative,D×P²,single D×P² objective candidate archive,archive_057,p1146p205,,14ec7beb2c6fbdb99d9a49b459a96bede62034efdd314aa8ba18bd1dec67ef0d,1100.8000,2.6000,1103.4000,97.161000,164.140000,PASS,True,False,True,False
Iterative,D×P²,single D×P² objective candidate archive,archive_058,p1146p205,,77d57affd85a6e37d53c0c83e41993e473579db0afa554381ad3422ab813b713,1100.8000,2.6000,1103.4000,97.161000,164.140000,PASS,True,False,True,False
Iterative,D×P²,single D×P² objective candidate archive,archive_059,p1146p205,,67976069fcf4b55b622dbba91b7ed29c8ad14864afffe230159f51a537ef1a96,1100.8000,2.6000,1103.4000,97.161000,164.140000,PASS,True,False,True,False
Iterative,D×P²,single D×P² objective candidate archive,archive_060,p1146p205,,28721f2d2b2ac9694a2dd0e878d290d22c6df18dbd071a6151920de10a277294,1100.8000,2.6000,1103.4000,97.161000,164.135000,PASS,True,False,True,False
Iterative,D×P²,single D×P² objective candidate archive,archive_061,p1146p205,,9addb8a27751e3c003390c603f77d39b037c6fe610de4517fc73b8e651535513,1100.8000,2.6000,1103.4000,97.161000,164.135000,PASS,True,False,True,False
Iterative,D×P²,single D×P² objective candidate archive,archive_062,p1146p205,,44a4a08051163abbc1a3b9c0eb28a13adc412cb5adb97713cefe1115924c9ce9,1100.8000,2.6000,1103.4000,97.161000,164.135000,PASS,True,False,True,False
Iterative,D×P²,single D×P² objective candidate archive,archive_063,p1146p205,,39b35a7e37b05672f87c47c3206c4dee0830d043f60a48f01788ae536b257e40,1100.8000,2.6000,1103.4000,97.161000,164.141000,PASS,True,False,True,False
