case,method,evaluator,netlist,sha256,area,delay_ps,power_W,g0_area,g0_delay_ps,g0_power_W,delta_area_pct,display_delta_area_pct,delta_delay_ps_pct,display_delta_delay_ps_pct,delta_power_W_pct,display_delta_power_W_pct,historical_classification,search_seconds
usb_phy,AreaPMO,GENLIB,results/usb_phy/areapmo/final.v,91fbf0309a9693dd9b7a62df503c43f3e2335c69fde563bac6e7364826f3aa5a,23.69,165.12,,23.97,179.06,,-1.168126825198157,-1.17,-7.785099966491682,-7.79,,,,
usb_phy,AreaPMO,Genus,results/usb_phy/areapmo/final.v,91fbf0309a9693dd9b7a62df503c43f3e2335c69fde563bac6e7364826f3aa5a,23.63418,288.8,7.2234e-05,23.9112,316.5,7.2744e-05,-1.1585365853658547,-1.16,-8.751974723538702,-8.75,-0.7010887495875862,-0.70,,
usb_phy,Iterative-genlib,GENLIB,results/usb_phy/iterative_genlib/final.v,bb20aef8b15aa7c3a8f2f8a34bd4b57c55c5c16363f5c152525a4a60b100e083,21.06,179.06,,23.97,179.06,,-12.140175219023785,-12.14,0.0,0.00,,,EXACT_TRAJECTORY_PASS,1428.480342631985
usb_phy,Iterative-internal_v3,Genus,results/usb_phy/iterative_internal_v3/final.v,bb20aef8b15aa7c3a8f2f8a34bd4b57c55c5c16363f5c152525a4a60b100e083,20.90772,316.5,6.28419e-05,23.9112,316.5,7.2744e-05,-12.560975609756097,-12.56,0.0,0.00,-13.612256680963375,-13.61,FINAL_SHA_PASS,1239.5265463770484
simple_spi,AreaPMO,GENLIB,results/simple_spi/areapmo/final.v,24184977c3e1fe65ffd59a93aaae6470c6db8e1a4ad0301c83aeca7ccd1debbe,41.0,287.0,,41.58,287.0,,-1.3949013949013933,-1.39,0.0,0.00,,,,
simple_spi,AreaPMO,Genus,results/simple_spi/areapmo/final.v,24184977c3e1fe65ffd59a93aaae6470c6db8e1a4ad0301c83aeca7ccd1debbe,40.4595,426.1,0.000109845,41.042699999999996,440.3,0.000110947,-1.4209591474245054,-1.42,-3.2250738133091095,-3.23,-0.9932670554408829,-0.99,,
simple_spi,Iterative-genlib,GENLIB,results/simple_spi/iterative_genlib/final.v,0115bdc27c3a0989a12f656d202b5a3a7914e926738b2057abab79231da84673,37.58,287.0,,41.58,287.0,,-9.620009620009618,-9.62,0.0,0.00,,,EXACT_TRAJECTORY_PASS,4884.488452277961
simple_spi,Iterative-internal_v3,Genus,results/simple_spi/iterative_internal_v3/final.v,8c2061be808dd200d4d20ef58e63dc8faf372cf9687d885b121cd497e1753aab,37.13526,433.3,9.87224e-05,41.042699999999996,440.3,0.000110947,-9.520426287744211,-9.52,-1.5898251192368873,-1.59,-11.01841419777011,-11.02,EXACT_TRAJECTORY_PASS,6018.794666907983
systemcdes,AreaPMO,GENLIB,results/systemcdes/areapmo/final.v,5cc43c85e9f295728b0e7872394ba3bf6ac092320283c9ba9a959d4fd0689bbb,141.01,530.29,,142.22,530.29,,-0.8507945436647457,-0.85,0.0,0.00,,,,
systemcdes,AreaPMO,Genus,results/systemcdes/areapmo/final.v,5cc43c85e9f295728b0e7872394ba3bf6ac092320283c9ba9a959d4fd0689bbb,140.15754,1256.1,0.000312109,140.90112,1327.4,0.000317375,-0.5277317880794552,-0.53,-5.371402742202813,-5.37,-1.6592359196534123,-1.66,,
systemcdes,Iterative-genlib,GENLIB,results/systemcdes/iterative_genlib/final.v,b5293aaf8c326f3d284d5faf2d1a31928881d24e3da999a473ac9f83d58e27f5,132.22,515.35,,142.22,530.29,,-7.031359864997889,-7.03,-2.8173263685907557,-2.82,,,EXACT_TRAJECTORY_PASS,37848.887403586996
systemcdes,Iterative-internal_v3,Genus,results/systemcdes/iterative_internal_v3/final.v,0eac077c9f7407a57a48314ba613dfa1f78d396413235ee00b06c2176e3e612c,133.64028,1327.4,0.000285135,140.90112,1327.4,0.000317375,-5.153145695364236,-5.15,0.0,0.00,-10.158330051201258,-10.16,FINAL_SHA_PASS,21852.725814029982
usb_funct,AreaPMO,GENLIB,results/usb_funct/areapmo/final.v,4211bb9ce1a5a3b67fb6a0378aecd8db3cdbd32ee22803b80dbd50b87e01cd4f,697.26,702.87,,702.45,722.0,,-0.7388426222507016,-0.74,-2.6495844875346286,-2.65,,,,
usb_funct,AreaPMO,Genus,results/usb_funct/areapmo/final.v,4211bb9ce1a5a3b67fb6a0378aecd8db3cdbd32ee22803b80dbd50b87e01cd4f,692.21466,1535.1,0.00170535,697.5801,1471.6,0.00171104,-0.7691503814400757,-0.77,4.315031258494151,4.32,-0.3325462876379248,-0.33,,
usb_funct,Iterative-genlib,GENLIB,results/usb_funct/iterative_genlib/final.v,3c23997866c7cc77e99318327e9912978da31ab692f6eb16e2b1215688af70b7,671.57,703.24,,702.45,722.0,,-4.396042422948254,-4.40,-2.5983379501385073,-2.60,,,EXACT_TRAJECTORY_PASS,6315.538919284008
usb_funct,Iterative-internal_v3,Genus,results/usb_funct/iterative_internal_v3/final.v,66e2d19c96ea70575967dbc49dd8557c1ae4239bff1bc298fae8f85f2bd701b9,679.72,1471.6,0.00165426,697.5801,1471.6,0.00171104,-2.560293792784507,-2.56,0.0,0.00,-3.3184495979053708,-3.32,EXACT_TRAJECTORY_PASS,42388.44567638403
aes_core,AreaPMO,GENLIB,results/aes_core/areapmo/final.v,d819b71b7be8750787efdd76215abe24810c608dcf241825882886a428f83e5d,1096.33,424.59,,1106.29,434.52,,-0.9003064295980301,-0.90,-2.2852803093068252,-2.29,,,,
aes_core,AreaPMO,Genus,results/aes_core/areapmo/final.v,d819b71b7be8750787efdd76215abe24810c608dcf241825882886a428f83e5d,1083.119,1462.5,0.00208019,1092.232,1435.8,0.00210229,-0.834346549084819,-0.83,1.859590472210626,1.86,-1.0512346060724376,-1.05,,
aes_core,Iterative-genlib,GENLIB,results/aes_core/iterative_genlib/final.v,2dbc48c455ca645b6bdf9010a75e4f625ac53d9153eb5b9c2a0b638ad1c3d0dd,1085.77,434.52,,1106.29,434.52,,-1.8548481862802668,-1.85,0.0,0.00,,,FINAL_SHA_PASS,4213.585186398006
aes_core,Iterative-internal_v3,Genus,results/aes_core/iterative_internal_v3/final.v,4d4cab0c4680036a6aa519b51ef5ce9f636376f75f28ff0312e62e9ecda79c45,1073.001,1261.5,0.0020047,1092.232,1435.8,0.00210229,-1.7607065165642477,-1.76,-12.139573756790634,-12.14,-4.64208077857956,-4.64,DIVERGED,1154.5715540220262
RISC,AreaPMO,GENLIB,results/RISC/areapmo/final.v,e6813f996cc214d2b4df3f15a7f4b0526375ffb178c886a6753438f66aec0892,3141.04,1303.48,,3167.78,1304.74,,-0.8441242763070789,-0.84,-0.09657096433005607,-0.10,,,,
RISC,AreaPMO,Genus,results/RISC/areapmo/final.v,e6813f996cc214d2b4df3f15a7f4b0526375ffb178c886a6753438f66aec0892,3102.216,7923.3,0.00804585,3127.935,9394.7,0.00817674,-0.8222357561778026,-0.82,-15.662022204008652,-15.66,-1.6007602051673397,-1.60,,
RISC,Iterative-genlib,GENLIB,results/RISC/iterative_genlib/final.v,880607c3430cc3bc906a142428711db5f1a98c5ccecf61d7849ba11523d0ce70,3095.13,1291.57,,3167.78,1304.74,,-2.293404213676453,-2.29,-1.0093965081165668,-1.01,,,EXACT_TRAJECTORY_PASS,8184.6391936810105
RISC,Iterative-internal_v3,Genus,results/RISC/iterative_internal_v3/final.v,d725acb2fcb6ac92d6dcbf48836d8d5da55e9d1b3cd1af1f6c9d74b33282a372,3069.95,9347.7,0.00804435,3127.935,9394.7,0.00817674,-1.853778930828165,-1.85,-0.5002820739352987,-0.50,-1.6191049244564382,-1.62,DIVERGED,5179.222806971986
