benchmark,anchor,selected_flow,g0_d2ap,full_d2ap_over_g0,phase_i_only_d2ap_over_g0,phase_ii_only_d2ap_over_g0,without_drive_d2ap_over_g0,full_over_phase_i_only,full_over_phase_ii_only_exact,full_over_without_drive,figure8_phase_ii_bar_value,figure8_phase_ii_bar_clipped,full_sha256,phase_i_sha256,phase_ii_sha256,without_drive_sha256,without_drive_external_status
epfl_ctrl,t2_1.05x,Conquer,1.4607834035597043,0.59965207012319,0.7960041274619091,0.7999263266256634,0.606819119730013,0.7533278401899806,0.7496341227481633,0.9881891499891898,0.7496341227481633,False,91d41f1ee50a7bad43ed73ab578cc88e8a5c24803e987c83267c5170b4884683,14f5b9399247f328224d64ed2fd79935e45374bf71034a9d9c0c69baa8216049,e5172e2b6abadd051c7bb3bed5c4b46b3c4d58817040c41b5dbe31331aab2b39,a68249fd7432d1a72f76891a8d8db76aec847beb6e442912834afea94d31814b,PASS
epfl_router,t0_0.95x,Conquer,0.4453204767913979,0.9429297920386998,0.9429297920386998,1.040877315006018,0.9429297920386998,1.0,0.9058990703753094,1.0,0.9058990703753094,False,b7c0b507a1beadefdf3d9e70a86d4396dfc7882d0aec1f58ec09f2d46e9d86b4,b7c0b507a1beadefdf3d9e70a86d4396dfc7882d0aec1f58ec09f2d46e9d86b4,aaadb28a66b908044564900e3f6aaa98b34a56997154f0117ccf74321c0b1aa1,b7c0b507a1beadefdf3d9e70a86d4396dfc7882d0aec1f58ec09f2d46e9d86b4,PASS
c432,t4_1.20x,Iterative,14.695711656408,0.8006090581964364,0.8541571469551597,0.8493265310523659,0.8131028780014731,0.9373088559293711,0.9426398786865098,0.9846343923468266,0.9426398786865098,False,bea86d4d4ad5c08e87746a824a2fea129410ec2146d4a9efea0392658ae85918,2cef0bdab055464f88cace1cf949056ff28011d95da6194a4b5e0dc24d55eafb,f6f00e0ebddfa7dfa080211b2e982c67d2f001bf8d999ef94f080831c6841b92,90ab3b3f5dbdee164a30d7db87bd638dd16f81c848459527526661928e5c8ab1,PASS
epfl_int2float,t4_1.20x,Conquer,3.7066632394734,0.6853979808602992,1.0001511944360446,0.7273755558733164,0.6853979808602992,0.6852943681647801,0.9422889940773207,1.0,0.9422889940773207,False,c908df57c1e063e6196da6527dadc5e234e78dc54907847b2da927b4ddcd34b3,dcdf3b99d85833c9c7bb8aa224fb6a0b5e6f7e5c7332dfadcc0d5e0c1c27cf43,8e43c24c410ee53101e529730fd942adce99b63cae601856c99b0f7274babfc3,c908df57c1e063e6196da6527dadc5e234e78dc54907847b2da927b4ddcd34b3,PASS
c880,t1_1.00x,Conquer,22.1088520288746,0.9497097980504029,0.9797720389004592,0.9660502933264824,0.9497097980504029,0.9693171067794573,0.9830852540608286,1.0,0.9830852540608286,False,64572874858a0591af180cb9e8270a95b9ad94de81f668107e9a9c080f790e26,2fcbc4465c0a6bc539909504e9686b849e1d8f4b367da4cc3b8b619c2b5add83,e56cd59d7887527260532d445c5f247415a2940c1bb1bb9112c6c3a3589ac1e7,64572874858a0591af180cb9e8270a95b9ad94de81f668107e9a9c080f790e26,PASS
c1908,t0_0.95x,Conquer,62.43831022884,0.9850088981408405,0.9850088981408405,1.0194622433614284,0.9850088981408405,1.0,0.966204393105343,1.0,0.966204393105343,False,47e66e7825ee35d6cde0014ed362be588a81e8cc2031ec819865446c64a73d07,47e66e7825ee35d6cde0014ed362be588a81e8cc2031ec819865446c64a73d07,7ff3c19d81858402bdb8920e7c3cec1904beb6c1251c0d170a63f659010140d0,47e66e7825ee35d6cde0014ed362be588a81e8cc2031ec819865446c64a73d07,PASS
c2670,t3_1.10x,Conquer,136.4146273224101,0.543712349349067,0.764167074285788,0.6320010594379548,0.5439078862673651,0.7115097831939904,0.8603029080878378,0.9996404962618947,0.8603029080878378,False,444225b0911aeb7a95ee5b1414f1dabfba5ad13808e5d1edb4f031d82b60e3c7,67672671c7c3c5c4492775399fd1d71f793d218dce21c322c1572338b04a5ae6,0bba2cfb1bf92bd8fe1d42dae27916c223f7ee5b8ee3b88ea91b1ee4c582215b,c342353be46686e2cbdde250005b332d748cb40a0d5974ae3d6f89a85ed756e4,PASS
c499,t0_0.95x,Conquer,27.306420187119837,0.9929915651940755,0.9929915651940755,1.0487705299680112,0.9904685508243083,1.0,0.9468149007050789,1.00254729377088,0.9468149007050789,False,,,7967cdd8ed04f8a122c7090bc098ed06d5b44d2979f3e6242c6ec23f79b2bf24,0b47dbdb74520c0f35254b8ac2faf4c4a25d91fbb07d33c001c971846f430fe4,PASS
epfl_dec,t3_1.10x,Iterative,58.440338926307,0.602993442667441,0.9619069273688813,0.6660984115464557,0.5851222196184027,0.6268729598577881,0.905261793475072,1.0305427181703908,0.905261793475072,False,d8ee41a7b6f60fe7f586f7230042735189ead5336827016e7cea61bb513cb854,849d12154ce1d8a2a7c4c3250e34847c3b1016d57ea1334579d08c3bb97c70a3,2423a491dca31c753c45b26f7d7bfcdc0dd977c1b6eefe52bb9c07bca1df11f6,7504a9431164d4763d0c90a89f63dc96bdac8a23bb7c2c723d3253717fd42e6e,PASS
epfl_priority,t0_0.95x,Iterative,24.88943376264433,0.828698464079501,0.9579953567931849,0.9067705885811682,0.8492570247251954,0.8650339046041985,0.913900907809739,0.9757922983888808,0.913900907809739,False,4cee3686bdb1919b4e26c80150e7be76ef15dbe41277eb80f72eefc9d116759f,84fd321ecb2e1a6e6c704bb9c1e871e5020ddffaf50708422edc66eff43d7b56,4686006a940a2fd33190406967692c5aa13174ab0d2fd10bfb0e0021fd9a5a7a,be9fec92eca6a33f01400aafc5818d9a09dbd5d2c2fddb674540388275ef0c93,PASS
epfl_cavlc,t4_1.20x,Conquer,80.98083032722649,0.7666542766967352,0.999243004708772,0.7828827150661476,0.7965356156097518,0.7672350700320144,0.9792709200789531,0.9624858721601014,0.9792709200789531,False,d11c9452de2daf8da71a8fdf37967f5a5328c61a1730b27a3adabd47ecf80e01,e7020b8c4bd34a8486d5276272a5ecb0fe0e122cf898e8d4e99cdaf5441ac2fc,86e71a999886466ece86365c9ffabc5e12fd5e38152230089e63735112a47a76,1f3566a02378085aa536bd3516671459b543ffdf8874fdf60c7f927cb1dfc3d0,PASS
c3540,t1_1.00x,Conquer,445.97744865402433,0.884773798235648,1.0062586031808634,0.8961044381968258,0.8808401214581253,0.8792707912645991,0.9873556703011338,1.004465823799001,0.9873556703011338,False,e6c4c3443b8243cb22cc7229a89ef4985e80a13facefbfbefc544c7a1f892a2b,7c93cef8c3b9b3c3301593467dd87682d77ef056cfa43d695e515031d80275b6,e9d4bf58da50d4dfe397ef299a14735b4803984e958fb19bb7ccba133521ebdc,cc37e7ca1a313e4fc9248ec59b4a9b8b3bd0553339f36d66dfd46b4d33e0ac58,PASS
epfl_i2c,t4_1.20x,Conquer,219.307314712072,0.6395680809501127,0.9126458959924174,0.5972634507028124,0.6434520294720072,0.7007844814276429,1.0708307702363498,0.993963887991648,1.035,True,b9fc70b5ab0954d9acd8140661e1c78fb90dff55fddbe5e7809b4edb7c8aa4ef,13f2f89c02d472c74acf90a2f5085f4f2a14b2d934a4e31fb61b261d286726ef,ea51b6020bc5357841b33d1e9d740afd2313439db935e1e1ae301c3da99f5765,6f21296c15b0e446e8b3096dbc8cf4f7a4ae4f379df2c11ce16d867882736f78,PASS
c5315,t4_1.20x,Conquer,1178.5056887739304,0.6767032549760348,0.9902658381596892,0.6807843180065496,0.6629942827660089,0.6833551445474688,0.9940053510009383,1.0206773611272062,0.9940053510009383,False,87a401a8f866a453fa11bb622634585854fb68e3d4a030e3846fb585a9454c92,bc9e741dcaf87cfda8fa12e080de82ec608f193bd383eaa7d5a88ac3ea77387a,093b9c5f28599a5a73780553d6851ee1f6267e4f55fd2f9a038342c4ab9d823c,b92edb0f91c5c344e79eb20bcc2591cfc9708eaf991141f7779321960cc29221,PASS
epfl_bar,t4_1.20x,Conquer,1252.5500059150002,0.67619618815287,1.0015432407995863,0.676805639624992,0.6741049195316374,0.6751542625488899,0.9990995177397463,1.003102289511083,0.9990995177397463,False,944a1d250d81b50f52bed008860368014aa07e4294c67cd1534f8eef435061d8,93cbd8a126b4a1da930b4164464ac3564a8c3391d00d8e1fb2d167294f70253e,422adf99596f847e686bd3f541e7d27df96573bbc32ff1fe9ddf5ddca7e7560a,d8852f0808f2d7da703417ecacf1d627363908be4725a2b25b7155dc2372559a,PASS
c6288,t4_1.20x,Iterative,12351.040974445492,0.9445000301063621,0.9698527982552002,0.9497109270664372,0.9524646076923107,0.9738591586326826,0.9945131757342509,0.9916379280430738,0.9945131757342509,False,8dfaef91b9876afde4fd5ff3e4642111ef2d7e4a1a618c4e9a8576914ad437a3,b036b564aeb0fd5eff94731394ef777e326d64ba25d8a375b55b1ca6c75118ab,ca7e8bf72334f9c292245d16932b36b22e1dc8a290a6a3069afce23d0864121e,99f64b48511f20cacdfdfb2c6b927fb9c6cf835483c82bb85b8750be2a0e0b14,PASS
epfl_max,t2_1.05x,Iterative,13472.192027890827,0.8418113678474972,0.971743669061388,0.9778359654556479,0.8782953172979584,0.8662895315393276,0.860892212586222,0.9584604987275775,0.860892212586222,False,f62d23ca19bfe42693f63e182f4be7364b3f28be75e2233c6aceba2762409138,2d740738cc905e624e3ad4b388467f4a97b55897b6fe8fe2a3c408c9003ef6fc,5eb9ca00787c88f7b3a2d842c021a4621b8058b08c3c80500975e732a67659db,8fdbb1ac77fb8f4f6bdd68e434def2683d805767b2c7eb3bac906517dea81a33,PASS
epfl_adder,p0800,Iterative,14360420855.410141,0.7835828419153834,0.9240409888236686,0.8152655361050796,0.7954197476789898,0.8479957614357643,0.9611381902133875,0.9851186674731849,0.9611381902133875,False,95bb321cbc56dbc1357575ef5ce9296cbf7a4c16be6295f859f7804b6ecac274,8ed2c18128d82ad9600c3fb710260456d4031e534a096f318e5142639cec49f2,847921dece84033e86a230f3a5e2d66457985b1d7638c702fe1f1fd1d06f804d,5a4dde318e11d621211f2572cf1b8c298af77c9e38f14e92a5715185343ba887,PASS
epfl_arbiter,t2_1.05x,Iterative,4744.693073202631,0.8919826337029944,0.9712379819929231,0.9026851522226864,0.8794238707375961,0.9183976020714291,0.9881436860977062,1.0142806709975531,0.9881436860977062,False,3634a33b72683a40b76e6540d3b7db027e945baf8f885c658af22e0012d5ef73,33d507d3fac4609d368e7827bf9fd5f3ed6e7924310831ccbf5cbd983983ad54,f52ca2a1486171aa1b0209544bb121abc42cd95f4f8dc1e020f272f746164d3c,183cfc987f55596f90f7a4ad6006f2f9032c252d2b610fd15942b47c411e2a71,PASS
epfl_sin,t4_1.20x,Conquer,179992.34552901273,0.9981977565473628,0.9981977565473628,1.0208254289616037,0.999588484533037,1.0,0.9778339451856543,0.9986086994726396,0.9778339451856543,False,,,c4f9706113c6aaebdaaab8f1639648b790f421dede4fdd0041aa7e2879d5e66f,78d26022c20c130da18872974485c7ef414979da2f658760fc608ff12949f832,PASS
epfl_voter,t4_1.20x,Iterative,89522.23498827175,0.9633415486965752,0.9913904504118917,0.9729851785094153,0.9710641665313425,0.9717075127124101,0.9900886159153894,0.9920472630945155,0.9900886159153894,False,73ddf78b47ad98ccb951f0202a9f206b3130e256059053a1c42907c13794177c,dcdb412a8adffcc2a94735f67e075cb04b9a1f2ce924ce1871134892638ace2a,26343fdc336a251cb5b8bb36e37acb99e217af70430f2e040d9e6595141d7297,c08836f5060259359b943a88ca9808827308ff7ff2cb832ed404948e4a61c8ba,PASS
epfl_sqrt,t4_1.20x,Iterative,6565791931.639606,0.9509650145043849,0.989857298796493,0.9722931594369375,0.9513801173603894,0.9607092008722925,0.9780640800302411,0.999563683486306,0.9780640800302411,False,be9a80e1f4795f502bb4d7d1e386ede0c6786b6154980122808b1759b1029791,d24ab61a88d759aae6d8717fda4aace7ece4d3e1751c3509cc141deee58c038f,8dcea7454549c792924b2c9306f0d4fd25489523a039e86097b4077a7f821394,e8cb1d08ed52ccacd64cc1fea45e96672dd4dac4a7f771daa7874b4f781f9988,PASS
epfl_square,t4_1.20x,Conquer,990133.8618956294,0.9389734558687456,0.9389734558687456,1.0,0.9982651431690077,1.0,0.9389734558687456,0.9406052713490127,0.9389734558687456,False,23127a6f364d2b3a3a8fd912db5b1444b65fa378c4637cf9b19c942333d729e4,23127a6f364d2b3a3a8fd912db5b1444b65fa378c4637cf9b19c942333d729e4,2db4d9efee8ffcaa254ea949d958e269baa74f44815e5d8984a1930ac0d8e089,e807c95f88bf24eae00a3dceb49d399e4aa9d061492ca6627cd8d77e85a095dd,PASS
epfl_mem_ctrl,t4_1.20x,Iterative,4036501.1561822505,0.6509760342122719,0.8803225169236285,0.6562961317362844,0.6536702327906317,0.7394744786117367,0.9918937545617742,0.995878352044795,0.9918937545617742,False,01bada27af8a01ed31275ae12a1ef9a60b4f1d555ae5b973d4bbe46f4530f3c7,d7a4ad0f0c948f6361de647966bada1649cfee21c5ace63112310117bc334e34,dc755c908d1015599ab8b4f306d30941fb24dd46eddfb1622f4905748d341971,ff1a9b0fb31e6805fb10adc7e476dd2852e22bace55b461dd67755b736333281,PASS
epfl_multiplier,t3_1.10x,Conquer,4128058.0786150326,0.9695817471520365,0.9695817471520365,1.0035412477635386,0.9997186520055356,1.0,0.9661603340299333,0.9698546138025519,0.9661603340299333,False,,,9453b46d7a03707c69cf2d3cff7ae0af7be95683e9f8f71bd6be18b7c79107a7,ba3ff4d3f332095c0364b8c0f49cf4d89896f1eb5e48fcb4f8ed711a4665caa4,PASS
epfl_log2,t3_1.10x,Conquer,16955519.589130044,0.9963493467644372,0.9963493467644372,1.0,0.9963493467644372,1.0,0.9963493467644372,1.0,0.9963493467644372,False,,,24982cca330083d52984f107ecad0e67ee9c235a2d154ac1d1653aebc277ee0d,aad8f77ea9d3b8272ee0ba1ef00cb4adaf0486f5253c87f29a9bcb1a67cc9989,PASS
epfl_div,t4_1.20x,Iterative,12031053494.544474,0.9509420147627344,0.9991413062941772,0.962200975763319,0.9512350824973315,0.9517592844697671,0.9882987428986416,0.999691908193895,0.9882987428986416,False,711b6849749a32e2c2dc1c74c2482f873f033ef36f6a5e1bd5b0ffd17c36e882,5c8fdcc4e61635af84b02621de8abe0d793dcd1ff400d349d0b8858c9cd3192a,c26d04afce6a7e33ae4327ff5668390cac1d0f8ca3da26856fd968e923f634a1,84d364d01988a0386730955b5580765ec94aafe2120549a181837d1ad2b891e6,PASS
epfl_hyp,t1_1.00x,Conquer,7015376136655.289,0.9996671313369807,0.9996671313369807,0.9995025837253507,0.9996619491677105,1.0,1.0001646295010231,1.0000051839216992,1.0001646295010231,False,,,50e6ff75d6bd82b20f68ba9acb36524d9919c1c8b22fd7afecae88f828472a12,3c412eab2399b8893d41e4a53daab5e8741bf431dd3fcd07c4e131e7f01d3f55,PASS
