_nid_141	OR4x2_ASAP7_75t_R
_nid_142	INVx1_ASAP7_75t_R
_nid_144	INVx1_ASAP7_75t_R
_nid_146	NAND2x1_ASAP7_75t_R
_nid_147	AO32x1_ASAP7_75t_R
_nid_148	AND3x1_ASAP7_75t_R
_nid_149	AOI211x1_ASAP7_75t_R
_nid_150	AO21x1_ASAP7_75t_R
_nid_151	OA21x2_ASAP7_75t_R
_nid_154	INVx1_ASAP7_75t_R
_nid_155	OR2x4_ASAP7_75t_R
_nid_156	OA211x2_ASAP7_75t_R
_nid_157	AO21x1_ASAP7_75t_R
_nid_158	INVx1_ASAP7_75t_R
_nid_161	AO32x1_ASAP7_75t_R
_nid_164	OR2x4_ASAP7_75t_R
_nid_165	OA211x2_ASAP7_75t_R
_nid_166	AO221x2_ASAP7_75t_R
_nid_170	OR2x4_ASAP7_75t_R
_nid_171	OA211x2_ASAP7_75t_R
_nid_172	AO21x1_ASAP7_75t_R
_nid_173	NAND2x1_ASAP7_75t_R
_nid_176	OR2x4_ASAP7_75t_R
_nid_177	OA211x2_ASAP7_75t_R
_nid_178	AO21x1_ASAP7_75t_R
_nid_179	NAND2x1_ASAP7_75t_R
_nid_180	AOI21x1_ASAP7_75t_R
_nid_181	AO21x1_ASAP7_75t_R
_nid_184	AO32x1_ASAP7_75t_R
_nid_185	XOR2x2_ASAP7_75t_R
_nid_188	OR2x4_ASAP7_75t_R
_nid_189	OA211x2_ASAP7_75t_R
_nid_190	AO21x1_ASAP7_75t_R
_nid_193	OR2x4_ASAP7_75t_R
_nid_194	OA211x2_ASAP7_75t_R
_nid_195	AO21x1_ASAP7_75t_R
_nid_198	OR2x4_ASAP7_75t_R
_nid_199	OA211x2_ASAP7_75t_R
_nid_200	AO221x2_ASAP7_75t_R
_nid_203	OR2x4_ASAP7_75t_R
_nid_204	OA211x2_ASAP7_75t_R
_nid_205	AO21x1_ASAP7_75t_R
_nid_206	NAND2x1_ASAP7_75t_R
_nid_209	OR2x4_ASAP7_75t_R
_nid_210	OA211x2_ASAP7_75t_R
_nid_211	AO21x1_ASAP7_75t_R
_nid_212	NAND2x1_ASAP7_75t_R
_nid_213	AOI21x1_ASAP7_75t_R
_nid_214	AO21x1_ASAP7_75t_R
_nid_217	AO32x1_ASAP7_75t_R
_nid_218	XOR2x2_ASAP7_75t_R
_nid_221	OR2x4_ASAP7_75t_R
_nid_222	OA211x2_ASAP7_75t_R
_nid_223	AO21x1_ASAP7_75t_R
_nid_226	OR2x4_ASAP7_75t_R
_nid_227	OA211x2_ASAP7_75t_R
_nid_228	AO21x1_ASAP7_75t_R
_nid_231	OR2x4_ASAP7_75t_R
_nid_232	OA211x2_ASAP7_75t_R
_nid_233	AO221x2_ASAP7_75t_R
_nid_236	OR2x4_ASAP7_75t_R
_nid_237	OA211x2_ASAP7_75t_R
_nid_238	AO21x1_ASAP7_75t_R
_nid_239	NAND2x1_ASAP7_75t_R
_nid_242	OR2x4_ASAP7_75t_R
_nid_243	OA211x2_ASAP7_75t_R
_nid_244	AO21x1_ASAP7_75t_R
_nid_245	NAND2x1_ASAP7_75t_R
_nid_246	AOI21x1_ASAP7_75t_R
_nid_247	AO21x1_ASAP7_75t_R
_nid_250	AO32x1_ASAP7_75t_R
_nid_251	XOR2x2_ASAP7_75t_R
_nid_252	INVx1_ASAP7_75t_R
_nid_253	AND3x1_ASAP7_75t_R
_nid_254	INVx1_ASAP7_75t_R
_nid_257	OR2x4_ASAP7_75t_R
_nid_258	OA211x2_ASAP7_75t_R
_nid_259	AO21x1_ASAP7_75t_R
_nid_262	AO32x1_ASAP7_75t_R
_nid_265	OR2x4_ASAP7_75t_R
_nid_266	OA211x2_ASAP7_75t_R
_nid_267	AO221x2_ASAP7_75t_R
_nid_270	OR2x4_ASAP7_75t_R
_nid_271	OA211x2_ASAP7_75t_R
_nid_272	AO21x1_ASAP7_75t_R
_nid_273	NAND2x1_ASAP7_75t_R
_nid_276	OR2x4_ASAP7_75t_R
_nid_277	OA211x2_ASAP7_75t_R
_nid_278	AO21x1_ASAP7_75t_R
_nid_279	NAND2x1_ASAP7_75t_R
_nid_280	AOI21x1_ASAP7_75t_R
_nid_281	AO21x1_ASAP7_75t_R
_nid_284	AO32x1_ASAP7_75t_R
_nid_285	XOR2x2_ASAP7_75t_R
_nid_286	INVx1_ASAP7_75t_R
_nid_287	INVx1_ASAP7_75t_R
_nid_288	NOR2x1_ASAP7_75t_R
_nid_289	INVx1_ASAP7_75t_R
_nid_290	INVx1_ASAP7_75t_R
_nid_291	AND2x2_ASAP7_75t_R
_nid_292	AO21x1_ASAP7_75t_R
_nid_293	AO21x1_ASAP7_75t_R
_nid_294	OR3x1_ASAP7_75t_R
_nid_297	OR2x4_ASAP7_75t_R
_nid_298	OA211x2_ASAP7_75t_R
_nid_299	AO21x1_ASAP7_75t_R
_nid_302	AO32x1_ASAP7_75t_R
_nid_305	OR2x4_ASAP7_75t_R
_nid_306	OA211x2_ASAP7_75t_R
_nid_307	AO221x2_ASAP7_75t_R
_nid_310	OR2x4_ASAP7_75t_R
_nid_311	OA211x2_ASAP7_75t_R
_nid_312	AO21x1_ASAP7_75t_R
_nid_313	NAND2x1_ASAP7_75t_R
_nid_316	OR2x4_ASAP7_75t_R
_nid_317	OA211x2_ASAP7_75t_R
_nid_318	AO21x1_ASAP7_75t_R
_nid_319	NAND2x1_ASAP7_75t_R
_nid_320	AOI21x1_ASAP7_75t_R
_nid_321	AO21x1_ASAP7_75t_R
_nid_324	AO32x1_ASAP7_75t_R
_nid_325	XOR2x2_ASAP7_75t_R
_nid_326	INVx1_ASAP7_75t_R
_nid_327	AO21x1_ASAP7_75t_R
_nid_328	NOR2x1_ASAP7_75t_R
_nid_329	INVx1_ASAP7_75t_R
_nid_330	AO21x1_ASAP7_75t_R
_nid_331	AND3x1_ASAP7_75t_R
_nid_332	AND3x1_ASAP7_75t_R
_nid_333	AO21x1_ASAP7_75t_R
_nid_334	NOR2x1_ASAP7_75t_R
_nid_335	OA21x2_ASAP7_75t_R
_nid_336	OR3x1_ASAP7_75t_R
_nid_339	OR2x4_ASAP7_75t_R
_nid_340	OA211x2_ASAP7_75t_R
_nid_341	AO21x1_ASAP7_75t_R
_nid_344	OR2x4_ASAP7_75t_R
_nid_345	OA211x2_ASAP7_75t_R
_nid_346	AO221x2_ASAP7_75t_R
_nid_347	NAND2x1_ASAP7_75t_R
_nid_348	NAND2x1_ASAP7_75t_R
_nid_349	AOI21x1_ASAP7_75t_R
_nid_350	AO21x1_ASAP7_75t_R
_nid_353	AO32x1_ASAP7_75t_R
_nid_354	XOR2x2_ASAP7_75t_R
_nid_355	OA211x2_ASAP7_75t_R
_nid_356	NAND2x1_ASAP7_75t_R
_nid_357	AND2x2_ASAP7_75t_R
_nid_358	NOR2x1_ASAP7_75t_R
_nid_359	NAND2x1_ASAP7_75t_R
_nid_360	OR3x1_ASAP7_75t_R
_nid_361	OA211x2_ASAP7_75t_R
_nid_362	AND3x1_ASAP7_75t_R
_nid_363	AO21x1_ASAP7_75t_R
_nid_364	NAND2x1_ASAP7_75t_R
_nid_365	NAND2x1_ASAP7_75t_R
_nid_366	AO21x1_ASAP7_75t_R
_nid_367	INVx1_ASAP7_75t_R
_nid_368	AND3x1_ASAP7_75t_R
_nid_369	OR5x1_ASAP7_75t_R
_nid_370	AND5x1_ASAP7_75t_R
_nid_371	AND3x1_ASAP7_75t_R
_nid_372	AND5x1_ASAP7_75t_R
_nid_373	OR3x1_ASAP7_75t_R
_nid_374	AO21x1_ASAP7_75t_R
_nid_375	XNOR2x2_ASAP7_75t_R
_nid_378	INVx1_ASAP7_75t_R
_nid_380	AO32x1_ASAP7_75t_R
_nid_383	OR2x4_ASAP7_75t_R
_nid_384	OA211x2_ASAP7_75t_R
_nid_385	AO21x1_ASAP7_75t_R
_nid_388	OR2x4_ASAP7_75t_R
_nid_389	OA211x2_ASAP7_75t_R
_nid_390	AO21x1_ASAP7_75t_R
_nid_393	OR2x4_ASAP7_75t_R
_nid_394	OA211x2_ASAP7_75t_R
_nid_395	AO221x2_ASAP7_75t_R
_nid_398	OR2x4_ASAP7_75t_R
_nid_399	OA211x2_ASAP7_75t_R
_nid_400	AO21x1_ASAP7_75t_R
_nid_401	NAND2x1_ASAP7_75t_R
_nid_404	OR2x4_ASAP7_75t_R
_nid_405	OA211x2_ASAP7_75t_R
_nid_406	AO21x1_ASAP7_75t_R
_nid_407	NAND2x1_ASAP7_75t_R
_nid_408	AOI21x1_ASAP7_75t_R
_nid_409	AO21x1_ASAP7_75t_R
_nid_412	AO32x1_ASAP7_75t_R
_nid_413	XOR2x2_ASAP7_75t_R
_nid_414	INVx1_ASAP7_75t_R
_nid_417	OR2x4_ASAP7_75t_R
_nid_418	OA211x2_ASAP7_75t_R
_nid_419	AO221x2_ASAP7_75t_R
_nid_422	OR2x4_ASAP7_75t_R
_nid_423	OA211x2_ASAP7_75t_R
_nid_424	AO21x1_ASAP7_75t_R
_nid_425	NAND2x1_ASAP7_75t_R
_nid_428	OR2x4_ASAP7_75t_R
_nid_429	OA211x2_ASAP7_75t_R
_nid_430	AO21x1_ASAP7_75t_R
_nid_431	NAND2x1_ASAP7_75t_R
_nid_432	AOI21x1_ASAP7_75t_R
_nid_433	AO21x1_ASAP7_75t_R
_nid_436	AO32x1_ASAP7_75t_R
_nid_437	XOR2x2_ASAP7_75t_R
_nid_438	NAND2x1_ASAP7_75t_R
_nid_439	INVx1_ASAP7_75t_R
_nid_442	OR2x4_ASAP7_75t_R
_nid_443	OA211x2_ASAP7_75t_R
_nid_444	AO21x1_ASAP7_75t_R
_nid_447	OR2x4_ASAP7_75t_R
_nid_448	OA211x2_ASAP7_75t_R
_nid_449	AO21x1_ASAP7_75t_R
_nid_452	OR2x4_ASAP7_75t_R
_nid_453	OA211x2_ASAP7_75t_R
_nid_454	AO221x2_ASAP7_75t_R
_nid_455	NAND2x1_ASAP7_75t_R
_nid_456	NAND2x1_ASAP7_75t_R
_nid_457	AOI21x1_ASAP7_75t_R
_nid_458	AO21x1_ASAP7_75t_R
_nid_461	AO32x1_ASAP7_75t_R
_nid_462	XOR2x2_ASAP7_75t_R
_nid_463	INVx1_ASAP7_75t_R
_nid_464	INVx1_ASAP7_75t_R
_nid_465	AND3x1_ASAP7_75t_R
_nid_466	AO21x1_ASAP7_75t_R
_nid_469	OR2x4_ASAP7_75t_R
_nid_470	OA211x2_ASAP7_75t_R
_nid_471	AO21x1_ASAP7_75t_R
_nid_474	OR2x4_ASAP7_75t_R
_nid_475	OA211x2_ASAP7_75t_R
_nid_476	AO21x1_ASAP7_75t_R
_nid_479	OR2x4_ASAP7_75t_R
_nid_480	OA211x2_ASAP7_75t_R
_nid_481	AO221x2_ASAP7_75t_R
_nid_484	OR2x4_ASAP7_75t_R
_nid_485	OA211x2_ASAP7_75t_R
_nid_486	AO21x1_ASAP7_75t_R
_nid_487	NAND2x1_ASAP7_75t_R
_nid_490	OR2x4_ASAP7_75t_R
_nid_491	OA211x2_ASAP7_75t_R
_nid_492	AO21x1_ASAP7_75t_R
_nid_493	NAND2x1_ASAP7_75t_R
_nid_494	AOI21x1_ASAP7_75t_R
_nid_495	AO21x1_ASAP7_75t_R
_nid_498	AO32x1_ASAP7_75t_R
_nid_499	XOR2x2_ASAP7_75t_R
_nid_500	INVx1_ASAP7_75t_R
_nid_501	NOR2x1_ASAP7_75t_R
_nid_502	OR3x1_ASAP7_75t_R
_nid_503	INVx1_ASAP7_75t_R
_nid_504	NAND2x1_ASAP7_75t_R
_nid_505	INVx1_ASAP7_75t_R
_nid_508	OR2x4_ASAP7_75t_R
_nid_509	OA211x2_ASAP7_75t_R
_nid_510	AO21x1_ASAP7_75t_R
_nid_513	OR2x4_ASAP7_75t_R
_nid_514	OA211x2_ASAP7_75t_R
_nid_515	AO21x1_ASAP7_75t_R
_nid_518	OR2x4_ASAP7_75t_R
_nid_519	OA211x2_ASAP7_75t_R
_nid_520	AO221x2_ASAP7_75t_R
_nid_523	OR2x4_ASAP7_75t_R
_nid_524	OA211x2_ASAP7_75t_R
_nid_525	AO21x1_ASAP7_75t_R
_nid_526	NAND2x1_ASAP7_75t_R
_nid_529	OR2x4_ASAP7_75t_R
_nid_530	OA211x2_ASAP7_75t_R
_nid_531	AO21x1_ASAP7_75t_R
_nid_532	NAND2x1_ASAP7_75t_R
_nid_533	AOI21x1_ASAP7_75t_R
_nid_534	AO21x1_ASAP7_75t_R
_nid_537	AO32x1_ASAP7_75t_R
_nid_538	XOR2x2_ASAP7_75t_R
_nid_539	NAND2x1_ASAP7_75t_R
_nid_540	OA21x2_ASAP7_75t_R
_nid_541	AND3x1_ASAP7_75t_R
_nid_542	INVx1_ASAP7_75t_R
_nid_543	AND3x1_ASAP7_75t_R
_nid_544	AO21x1_ASAP7_75t_R
_nid_545	NAND2x1_ASAP7_75t_R
_nid_546	NAND2x1_ASAP7_75t_R
_nid_547	INVx1_ASAP7_75t_R
_nid_548	NOR2x1_ASAP7_75t_R
_nid_549	OA21x2_ASAP7_75t_R
_nid_550	INVx1_ASAP7_75t_R
_nid_551	OR2x4_ASAP7_75t_R
_nid_552	INVx1_ASAP7_75t_R
_nid_553	NOR2x1_ASAP7_75t_R
_nid_554	AO32x1_ASAP7_75t_R
_nid_555	NAND2x1_ASAP7_75t_R
_nid_556	AND3x1_ASAP7_75t_R
_nid_557	INVx1_ASAP7_75t_R
_nid_558	INVx1_ASAP7_75t_R
_nid_559	NAND2x1_ASAP7_75t_R
_nid_560	OA21x2_ASAP7_75t_R
_nid_561	NAND2x1_ASAP7_75t_R
_nid_562	INVx1_ASAP7_75t_R
_nid_563	AO21x1_ASAP7_75t_R
_nid_566	OR2x4_ASAP7_75t_R
_nid_567	OA211x2_ASAP7_75t_R
_nid_568	AO21x1_ASAP7_75t_R
_nid_571	OR2x4_ASAP7_75t_R
_nid_572	OA211x2_ASAP7_75t_R
_nid_573	AO221x2_ASAP7_75t_R
_nid_576	OR2x4_ASAP7_75t_R
_nid_577	OA211x2_ASAP7_75t_R
_nid_578	AO21x1_ASAP7_75t_R
_nid_579	NAND2x1_ASAP7_75t_R
_nid_582	OR2x4_ASAP7_75t_R
_nid_583	OA211x2_ASAP7_75t_R
_nid_584	AO21x1_ASAP7_75t_R
_nid_585	NAND2x1_ASAP7_75t_R
_nid_586	AOI21x1_ASAP7_75t_R
_nid_587	AO21x1_ASAP7_75t_R
_nid_590	AO32x1_ASAP7_75t_R
_nid_591	XOR2x2_ASAP7_75t_R
_nid_592	OA21x2_ASAP7_75t_R
_nid_593	OA211x2_ASAP7_75t_R
_nid_594	OA21x2_ASAP7_75t_R
_nid_595	INVx1_ASAP7_75t_R
_nid_596	AO21x1_ASAP7_75t_R
_nid_597	AND2x2_ASAP7_75t_R
_nid_598	OR3x1_ASAP7_75t_R
_nid_599	INVx1_ASAP7_75t_R
_nid_600	AND3x1_ASAP7_75t_R
_nid_601	NOR2x1_ASAP7_75t_R
_nid_602	AO221x2_ASAP7_75t_R
_nid_603	XNOR2x2_ASAP7_75t_R
_nid_606	INVx1_ASAP7_75t_R
_nid_608	AO32x1_ASAP7_75t_R
_nid_611	AO32x1_ASAP7_75t_R
_nid_612	AO21x1_ASAP7_75t_R
_nid_613	AND2x2_ASAP7_75t_R
_nid_614	AO221x2_ASAP7_75t_R
_nid_615	NAND2x1_ASAP7_75t_R
_nid_616	AO21x1_ASAP7_75t_R
_nid_617	NAND2x1_ASAP7_75t_R
_nid_618	AOI21x1_ASAP7_75t_R
_nid_619	AO21x1_ASAP7_75t_R
_nid_620	XNOR2x2_ASAP7_75t_R
_nid_621	AO221x2_ASAP7_75t_R
_nid_622	NAND2x1_ASAP7_75t_R
_nid_623	NAND2x1_ASAP7_75t_R
_nid_624	AOI21x1_ASAP7_75t_R
_nid_625	AO21x1_ASAP7_75t_R
_nid_628	AO32x1_ASAP7_75t_R
_nid_629	XOR2x2_ASAP7_75t_R
_nid_630	INVx1_ASAP7_75t_R
_nid_631	AO21x1_ASAP7_75t_R
_nid_632	AO221x2_ASAP7_75t_R
_nid_633	NAND2x1_ASAP7_75t_R
_nid_634	NAND2x1_ASAP7_75t_R
_nid_635	AOI21x1_ASAP7_75t_R
_nid_636	AO21x1_ASAP7_75t_R
_nid_639	AO32x1_ASAP7_75t_R
_nid_640	XOR2x2_ASAP7_75t_R
_nid_641	NAND2x1_ASAP7_75t_R
_nid_644	OR2x4_ASAP7_75t_R
_nid_645	OA211x2_ASAP7_75t_R
_nid_646	AO221x2_ASAP7_75t_R
_nid_647	NAND2x1_ASAP7_75t_R
_nid_648	NAND2x1_ASAP7_75t_R
_nid_649	AOI21x1_ASAP7_75t_R
_nid_650	AO21x1_ASAP7_75t_R
_nid_653	AO32x1_ASAP7_75t_R
_nid_654	XOR2x2_ASAP7_75t_R
_nid_655	OR3x1_ASAP7_75t_R
_nid_656	AND2x2_ASAP7_75t_R
_nid_657	AO221x2_ASAP7_75t_R
_nid_658	NAND2x1_ASAP7_75t_R
_nid_659	NAND2x1_ASAP7_75t_R
_nid_660	AOI21x1_ASAP7_75t_R
_nid_661	AO21x1_ASAP7_75t_R
_nid_664	AO32x1_ASAP7_75t_R
_nid_665	XOR2x2_ASAP7_75t_R
_nid_666	INVx1_ASAP7_75t_R
_nid_667	INVx1_ASAP7_75t_R
_nid_668	OR3x1_ASAP7_75t_R
_nid_669	INVx1_ASAP7_75t_R
_nid_670	AO221x2_ASAP7_75t_R
_nid_671	NAND2x1_ASAP7_75t_R
_nid_672	AO21x1_ASAP7_75t_R
_nid_673	NAND2x1_ASAP7_75t_R
_nid_674	AOI21x1_ASAP7_75t_R
_nid_675	AO21x1_ASAP7_75t_R
_nid_678	AO32x1_ASAP7_75t_R
_nid_679	XOR2x2_ASAP7_75t_R
_nid_680	AND3x1_ASAP7_75t_R
_nid_681	OR3x1_ASAP7_75t_R
_nid_682	AO21x1_ASAP7_75t_R
_nid_683	INVx1_ASAP7_75t_R
_nid_684	OR3x1_ASAP7_75t_R
_nid_685	NAND2x1_ASAP7_75t_R
_nid_686	INVx1_ASAP7_75t_R
_nid_687	NOR2x1_ASAP7_75t_R
_nid_688	NOR2x1_ASAP7_75t_R
_nid_689	INVx1_ASAP7_75t_R
_nid_690	AND2x2_ASAP7_75t_R
_nid_691	OA21x2_ASAP7_75t_R
_nid_692	AO21x1_ASAP7_75t_R
_nid_693	NAND2x1_ASAP7_75t_R
_nid_694	NAND2x1_ASAP7_75t_R
_nid_695	OR3x1_ASAP7_75t_R
_nid_696	AND3x1_ASAP7_75t_R
_nid_697	NAND2x1_ASAP7_75t_R
_nid_698	AND5x1_ASAP7_75t_R
_nid_699	NOR2x1_ASAP7_75t_R
_nid_700	NAND2x1_ASAP7_75t_R
_nid_701	OR3x1_ASAP7_75t_R
_nid_702	INVx1_ASAP7_75t_R
_nid_703	INVx1_ASAP7_75t_R
_nid_704	OA21x2_ASAP7_75t_R
_nid_705	AND3x1_ASAP7_75t_R
_nid_706	NAND2x1_ASAP7_75t_R
_nid_707	INVx1_ASAP7_75t_R
_nid_708	NAND2x1_ASAP7_75t_R
_nid_709	OA211x2_ASAP7_75t_R
_nid_710	INVx1_ASAP7_75t_R
_nid_711	AO22x1_ASAP7_75t_R
_nid_712	AO21x1_ASAP7_75t_R
_nid_713	AOI211x1_ASAP7_75t_R
_nid_714	OA21x2_ASAP7_75t_R
_nid_715	OR4x2_ASAP7_75t_R
_nid_716	XNOR2x2_ASAP7_75t_R
_nid_719	INVx1_ASAP7_75t_R
_nid_721	AO32x1_ASAP7_75t_R
_nid_722	NOR2x1_ASAP7_75t_R
_nid_723	AND3x1_ASAP7_75t_R
_nid_724	AO21x1_ASAP7_75t_R
_nid_725	OR3x1_ASAP7_75t_R
_nid_726	OR3x1_ASAP7_75t_R
_nid_727	OR3x1_ASAP7_75t_R
_nid_728	AND5x1_ASAP7_75t_R
_nid_729	INVx1_ASAP7_75t_R
_nid_730	NAND2x1_ASAP7_75t_R
_nid_731	INVx1_ASAP7_75t_R
_nid_732	INVx1_ASAP7_75t_R
_nid_733	OR3x1_ASAP7_75t_R
_nid_734	OA211x2_ASAP7_75t_R
_nid_735	INVx1_ASAP7_75t_R
_nid_736	AO21x1_ASAP7_75t_R
_nid_737	AO32x1_ASAP7_75t_R
_nid_738	NOR2x1_ASAP7_75t_R
_nid_739	AO21x1_ASAP7_75t_R
_nid_740	OR3x1_ASAP7_75t_R
_nid_741	AO221x2_ASAP7_75t_R
_nid_742	XNOR2x2_ASAP7_75t_R
_nid_745	INVx1_ASAP7_75t_R
_nid_747	AO32x1_ASAP7_75t_R
_nid_748	AO21x1_ASAP7_75t_R
_nid_749	AO21x1_ASAP7_75t_R
_nid_750	INVx1_ASAP7_75t_R
_nid_751	INVx1_ASAP7_75t_R
_nid_752	OA211x2_ASAP7_75t_R
_nid_753	INVx1_ASAP7_75t_R
_nid_754	AO21x1_ASAP7_75t_R
_nid_755	OR3x1_ASAP7_75t_R
_nid_756	INVx1_ASAP7_75t_R
_nid_757	AO21x1_ASAP7_75t_R
_nid_758	OA211x2_ASAP7_75t_R
_nid_759	INVx1_ASAP7_75t_R
_nid_760	MAJx2_ASAP7_75t_R
_nid_761	AND3x1_ASAP7_75t_R
_nid_762	AO221x2_ASAP7_75t_R
_nid_763	XNOR2x2_ASAP7_75t_R
_nid_766	INVx1_ASAP7_75t_R
_nid_768	AO32x1_ASAP7_75t_R
_nid_769	INVx1_ASAP7_75t_R
_nid_770	OR3x1_ASAP7_75t_R
_nid_771	AND3x1_ASAP7_75t_R
_nid_772	AND2x2_ASAP7_75t_R
_nid_773	OR3x1_ASAP7_75t_R
_nid_774	OR3x1_ASAP7_75t_R
_nid_775	AO21x1_ASAP7_75t_R
_nid_776	OR3x1_ASAP7_75t_R
_nid_777	INVx1_ASAP7_75t_R
_nid_778	AND4x2_ASAP7_75t_R
_nid_779	OA21x2_ASAP7_75t_R
_nid_780	INVx1_ASAP7_75t_R
_nid_781	AND3x1_ASAP7_75t_R
_nid_782	NOR2x1_ASAP7_75t_R
_nid_783	AND3x1_ASAP7_75t_R
_nid_784	OR5x1_ASAP7_75t_R
_nid_785	AND3x1_ASAP7_75t_R
_nid_786	NOR2x1_ASAP7_75t_R
_nid_787	AND3x1_ASAP7_75t_R
_nid_788	OR3x1_ASAP7_75t_R
_nid_789	AO21x1_ASAP7_75t_R
_nid_790	INVx1_ASAP7_75t_R
_nid_791	AO32x1_ASAP7_75t_R
_nid_792	AND2x2_ASAP7_75t_R
_nid_793	AND3x1_ASAP7_75t_R
_nid_794	INVx1_ASAP7_75t_R
_nid_795	NAND2x1_ASAP7_75t_R
_nid_796	OR3x1_ASAP7_75t_R
_nid_797	NAND2x1_ASAP7_75t_R
_nid_798	AO21x1_ASAP7_75t_R
_nid_799	OA211x2_ASAP7_75t_R
_nid_800	OA211x2_ASAP7_75t_R
_nid_801	INVx1_ASAP7_75t_R
_nid_802	NOR2x1_ASAP7_75t_R
_nid_803	AO32x1_ASAP7_75t_R
_nid_804	AO221x2_ASAP7_75t_R
_nid_805	XNOR2x2_ASAP7_75t_R
_nid_807	INVx1_ASAP7_75t_R
_nid_808	OA21x2_ASAP7_75t_R
_nid_809	OA21x2_ASAP7_75t_R
_nid_810	OA21x2_ASAP7_75t_R
_nid_811	INVx1_ASAP7_75t_R
_nid_812	AND3x1_ASAP7_75t_R
_nid_813	OR3x1_ASAP7_75t_R
_nid_814	NAND2x1_ASAP7_75t_R
_nid_815	INVx1_ASAP7_75t_R
_nid_816	AOI21x1_ASAP7_75t_R
_nid_817	OA211x2_ASAP7_75t_R
_nid_819	INVx1_ASAP7_75t_R
_nid_821	AO32x1_ASAP7_75t_R
_nid_822	XOR2x2_ASAP7_75t_R
_nid_825	INVx1_ASAP7_75t_R
_nid_827	AO32x1_ASAP7_75t_R
_nid_828	AO21x1_ASAP7_75t_R
_nid_829	AO221x2_ASAP7_75t_R
_nid_830	NAND2x1_ASAP7_75t_R
_nid_831	NAND2x1_ASAP7_75t_R
_nid_832	AOI21x1_ASAP7_75t_R
_nid_833	AO21x1_ASAP7_75t_R
_nid_836	AO32x1_ASAP7_75t_R
_nid_837	XOR2x2_ASAP7_75t_R
_nid_838	INVx1_ASAP7_75t_R
_nid_839	AO221x2_ASAP7_75t_R
_nid_840	NAND2x1_ASAP7_75t_R
_nid_841	AO21x1_ASAP7_75t_R
_nid_842	NAND2x1_ASAP7_75t_R
_nid_843	AOI21x1_ASAP7_75t_R
_nid_844	AO21x1_ASAP7_75t_R
_nid_847	AO32x1_ASAP7_75t_R
_nid_848	XOR2x2_ASAP7_75t_R
_nid_849	NAND2x1_ASAP7_75t_R
_nid_850	INVx1_ASAP7_75t_R
_nid_851	AO21x1_ASAP7_75t_R
_nid_852	AO221x2_ASAP7_75t_R
_nid_855	OR2x4_ASAP7_75t_R
_nid_856	OA211x2_ASAP7_75t_R
_nid_857	AO21x1_ASAP7_75t_R
_nid_858	NAND2x1_ASAP7_75t_R
_nid_861	OR2x4_ASAP7_75t_R
_nid_862	OA211x2_ASAP7_75t_R
_nid_863	AO21x1_ASAP7_75t_R
_nid_864	NAND2x1_ASAP7_75t_R
_nid_865	AOI21x1_ASAP7_75t_R
_nid_866	AO21x1_ASAP7_75t_R
_nid_869	AO32x1_ASAP7_75t_R
_nid_870	XOR2x2_ASAP7_75t_R
_nid_871	INVx1_ASAP7_75t_R
_nid_872	AO221x2_ASAP7_75t_R
_nid_873	NAND2x1_ASAP7_75t_R
_nid_874	NAND2x1_ASAP7_75t_R
_nid_875	AOI21x1_ASAP7_75t_R
_nid_876	AO21x1_ASAP7_75t_R
_nid_879	AO32x1_ASAP7_75t_R
_nid_880	XOR2x2_ASAP7_75t_R
_nid_881	NAND2x1_ASAP7_75t_R
_nid_882	AO21x1_ASAP7_75t_R
_nid_883	AO221x2_ASAP7_75t_R
_nid_884	NAND2x1_ASAP7_75t_R
_nid_885	AO21x1_ASAP7_75t_R
_nid_886	NAND2x1_ASAP7_75t_R
_nid_887	AOI21x1_ASAP7_75t_R
_nid_888	AO21x1_ASAP7_75t_R
_nid_891	AO32x1_ASAP7_75t_R
_nid_892	XOR2x2_ASAP7_75t_R
_nid_893	INVx1_ASAP7_75t_R
_nid_894	OR3x1_ASAP7_75t_R
_nid_895	OA21x2_ASAP7_75t_R
_nid_896	NAND2x1_ASAP7_75t_R
_nid_897	INVx1_ASAP7_75t_R
_nid_898	INVx1_ASAP7_75t_R
_nid_899	AND3x1_ASAP7_75t_R
_nid_900	AO21x1_ASAP7_75t_R
_nid_901	INVx1_ASAP7_75t_R
_nid_902	NAND2x1_ASAP7_75t_R
_nid_903	NOR2x1_ASAP7_75t_R
_nid_904	NOR2x1_ASAP7_75t_R
_nid_905	AND3x1_ASAP7_75t_R
_nid_906	AND3x1_ASAP7_75t_R
_nid_907	NOR2x1_ASAP7_75t_R
_nid_908	AND3x1_ASAP7_75t_R
_nid_909	AO221x2_ASAP7_75t_R
_nid_910	AO21x1_ASAP7_75t_R
_nid_913	OR2x4_ASAP7_75t_R
_nid_914	OA211x2_ASAP7_75t_R
_nid_915	AO221x2_ASAP7_75t_R
_nid_916	NAND2x1_ASAP7_75t_R
_nid_917	NAND2x1_ASAP7_75t_R
_nid_918	AOI21x1_ASAP7_75t_R
_nid_919	AO21x1_ASAP7_75t_R
_nid_922	AO32x1_ASAP7_75t_R
_nid_923	XOR2x2_ASAP7_75t_R
_nid_924	INVx1_ASAP7_75t_R
_nid_925	OA21x2_ASAP7_75t_R
_nid_926	NOR2x1_ASAP7_75t_R
_nid_927	INVx1_ASAP7_75t_R
_nid_928	NAND2x1_ASAP7_75t_R
_nid_929	OA211x2_ASAP7_75t_R
_nid_930	INVx1_ASAP7_75t_R
_nid_931	OR3x1_ASAP7_75t_R
_nid_932	NAND2x1_ASAP7_75t_R
_nid_933	AND3x1_ASAP7_75t_R
_nid_934	AND2x2_ASAP7_75t_R
_nid_935	AO21x1_ASAP7_75t_R
_nid_936	INVx1_ASAP7_75t_R
_nid_937	AND3x1_ASAP7_75t_R
_nid_938	AO21x1_ASAP7_75t_R
_nid_939	AND2x2_ASAP7_75t_R
_nid_940	AO32x1_ASAP7_75t_R
_nid_941	NOR2x1_ASAP7_75t_R
_nid_942	AO21x1_ASAP7_75t_R
_nid_943	INVx1_ASAP7_75t_R
_nid_944	OA21x2_ASAP7_75t_R
_nid_945	INVx1_ASAP7_75t_R
_nid_946	AND2x2_ASAP7_75t_R
_nid_947	OR3x1_ASAP7_75t_R
_nid_948	NOR2x1_ASAP7_75t_R
_nid_949	AND3x1_ASAP7_75t_R
_nid_950	OR3x1_ASAP7_75t_R
_nid_951	INVx1_ASAP7_75t_R
_nid_952	OR3x1_ASAP7_75t_R
_nid_953	OA211x2_ASAP7_75t_R
_nid_954	OA21x2_ASAP7_75t_R
_nid_955	OA21x2_ASAP7_75t_R
_nid_956	NOR2x1_ASAP7_75t_R
_nid_957	OR4x2_ASAP7_75t_R
_nid_958	XNOR2x2_ASAP7_75t_R
_nid_960	AO32x1_ASAP7_75t_R
_nid_961	AO32x1_ASAP7_75t_R
_nid_962	NOR2x1_ASAP7_75t_R
_nid_963	AND2x2_ASAP7_75t_R
_nid_964	NOR2x1_ASAP7_75t_R
_nid_965	AO21x1_ASAP7_75t_R
_nid_966	AO221x2_ASAP7_75t_R
_nid_967	OR3x1_ASAP7_75t_R
_nid_968	OA21x2_ASAP7_75t_R
_nid_969	AO21x1_ASAP7_75t_R
_nid_970	INVx1_ASAP7_75t_R
_nid_971	OA211x2_ASAP7_75t_R
_nid_972	NOR2x1_ASAP7_75t_R
_nid_973	OR3x1_ASAP7_75t_R
_nid_974	AND3x1_ASAP7_75t_R
_nid_975	AOI21x1_ASAP7_75t_R
_nid_976	OA21x2_ASAP7_75t_R
_nid_977	OA21x2_ASAP7_75t_R
_nid_978	NOR2x1_ASAP7_75t_R
_nid_979	OR3x1_ASAP7_75t_R
_nid_980	AND3x1_ASAP7_75t_R
_nid_981	AND3x1_ASAP7_75t_R
_nid_982	INVx1_ASAP7_75t_R
_nid_983	NOR2x1_ASAP7_75t_R
_nid_984	AOI221x1_ASAP7_75t_R
_nid_985	AOI21x1_ASAP7_75t_R
_nid_986	OA211x2_ASAP7_75t_R
_nid_988	INVx1_ASAP7_75t_R
_nid_990	AO32x1_ASAP7_75t_R
_nid_991	XOR2x2_ASAP7_75t_R
_nid_993	AND3x1_ASAP7_75t_R
_nid_994	OAI21x1_ASAP7_75t_R
_nid_995	OA211x2_ASAP7_75t_R
_nid_996	OA21x2_ASAP7_75t_R
_nid_998	INVx1_ASAP7_75t_R
_nid_1000	AO32x1_ASAP7_75t_R
_nid_1001	XOR2x2_ASAP7_75t_R
_nid_1003	AO221x2_ASAP7_75t_R
_nid_1004	AO21x1_ASAP7_75t_R
_nid_1005	NAND2x1_ASAP7_75t_R
_nid_1006	NAND2x1_ASAP7_75t_R
_nid_1007	AOI21x1_ASAP7_75t_R
_nid_1008	AO21x1_ASAP7_75t_R
_nid_1011	AO32x1_ASAP7_75t_R
_nid_1012	XOR2x2_ASAP7_75t_R
_nid_1013	AO21x1_ASAP7_75t_R
_nid_1014	AO221x2_ASAP7_75t_R
_nid_1015	NAND2x1_ASAP7_75t_R
_nid_1016	NAND2x1_ASAP7_75t_R
_nid_1017	AOI21x1_ASAP7_75t_R
_nid_1018	AO21x1_ASAP7_75t_R
_nid_1019	XOR2x2_ASAP7_75t_R
_nid_1020	INVx1_ASAP7_75t_R
_nid_1021	AO221x2_ASAP7_75t_R
_nid_1022	NAND2x1_ASAP7_75t_R
_nid_1023	NAND2x1_ASAP7_75t_R
_nid_1024	AOI21x1_ASAP7_75t_R
_nid_1025	AO21x1_ASAP7_75t_R
_nid_1026	XOR2x2_ASAP7_75t_R
_nid_1027	INVx1_ASAP7_75t_R
_nid_1028	AO21x1_ASAP7_75t_R
_nid_1029	AO221x2_ASAP7_75t_R
_nid_1030	NAND2x1_ASAP7_75t_R
_nid_1031	NAND2x1_ASAP7_75t_R
_nid_1032	AOI21x1_ASAP7_75t_R
_nid_1033	AO21x1_ASAP7_75t_R
_nid_1036	AO32x1_ASAP7_75t_R
_nid_1037	XOR2x2_ASAP7_75t_R
_nid_1038	INVx1_ASAP7_75t_R
_nid_1039	AO221x2_ASAP7_75t_R
_nid_1040	NAND2x1_ASAP7_75t_R
_nid_1041	NAND2x1_ASAP7_75t_R
_nid_1042	AOI21x1_ASAP7_75t_R
_nid_1043	AO21x1_ASAP7_75t_R
_nid_1044	XOR2x2_ASAP7_75t_R
_nid_1045	INVx1_ASAP7_75t_R
_nid_1046	OR3x1_ASAP7_75t_R
_nid_1047	INVx1_ASAP7_75t_R
_nid_1048	NAND2x1_ASAP7_75t_R
_nid_1049	NAND2x1_ASAP7_75t_R
_nid_1050	AND2x2_ASAP7_75t_R
_nid_1051	OR4x2_ASAP7_75t_R
_nid_1052	INVx1_ASAP7_75t_R
_nid_1053	OR3x1_ASAP7_75t_R
_nid_1054	OA211x2_ASAP7_75t_R
_nid_1055	OAI21x1_ASAP7_75t_R
_nid_1056	AND3x1_ASAP7_75t_R
_nid_1057	NOR2x1_ASAP7_75t_R
_nid_1058	AND3x1_ASAP7_75t_R
_nid_1059	NAND2x1_ASAP7_75t_R
_nid_1060	INVx1_ASAP7_75t_R
_nid_1061	OR3x1_ASAP7_75t_R
_nid_1062	OR3x1_ASAP7_75t_R
_nid_1063	OA21x2_ASAP7_75t_R
_nid_1064	NAND2x1_ASAP7_75t_R
_nid_1065	NOR2x1_ASAP7_75t_R
_nid_1066	AND2x2_ASAP7_75t_R
_nid_1067	OR3x1_ASAP7_75t_R
_nid_1068	INVx1_ASAP7_75t_R
_nid_1069	AO21x1_ASAP7_75t_R
_nid_1070	NAND2x1_ASAP7_75t_R
_nid_1071	NAND2x1_ASAP7_75t_R
_nid_1072	AND3x1_ASAP7_75t_R
_nid_1073	AND3x1_ASAP7_75t_R
_nid_1074	AND3x1_ASAP7_75t_R
_nid_1075	NOR2x1_ASAP7_75t_R
_nid_1076	OA21x2_ASAP7_75t_R
_nid_1077	AND3x1_ASAP7_75t_R
_nid_1078	OA21x2_ASAP7_75t_R
_nid_1079	AND4x2_ASAP7_75t_R
_nid_1080	OR3x1_ASAP7_75t_R
_nid_1081	NOR2x1_ASAP7_75t_R
_nid_1082	OR3x1_ASAP7_75t_R
_nid_1083	INVx1_ASAP7_75t_R
_nid_1084	OR3x1_ASAP7_75t_R
_nid_1085	AO21x1_ASAP7_75t_R
_nid_1086	AO221x2_ASAP7_75t_R
_nid_1087	NAND2x1_ASAP7_75t_R
_nid_1088	NAND2x1_ASAP7_75t_R
_nid_1089	AOI21x1_ASAP7_75t_R
_nid_1090	AO21x1_ASAP7_75t_R
_nid_1091	XNOR2x2_ASAP7_75t_R
_nid_1092	AOI21x1_ASAP7_75t_R
_nid_1093	AND3x1_ASAP7_75t_R
_nid_1094	NOR2x1_ASAP7_75t_R
_nid_1095	AND3x1_ASAP7_75t_R
_nid_1096	OR4x2_ASAP7_75t_R
_nid_1098	INVx1_ASAP7_75t_R
_nid_1100	AO32x1_ASAP7_75t_R
_nid_1101	XOR2x2_ASAP7_75t_R
_nid_1104	INVx1_ASAP7_75t_R
_nid_1106	AO32x1_ASAP7_75t_R
_nid_1107	AO221x2_ASAP7_75t_R
_nid_1108	NAND2x1_ASAP7_75t_R
_nid_1109	AO21x1_ASAP7_75t_R
_nid_1110	NAND2x1_ASAP7_75t_R
_nid_1111	AOI21x1_ASAP7_75t_R
_nid_1112	AO21x1_ASAP7_75t_R
_nid_1113	XOR2x2_ASAP7_75t_R
_nid_1114	AO221x2_ASAP7_75t_R
_nid_1115	NAND2x1_ASAP7_75t_R
_nid_1116	NAND2x1_ASAP7_75t_R
_nid_1117	AOI21x1_ASAP7_75t_R
_nid_1118	AO21x1_ASAP7_75t_R
_nid_1119	XOR2x2_ASAP7_75t_R
_nid_1120	AO21x1_ASAP7_75t_R
_nid_1121	AO221x2_ASAP7_75t_R
_nid_1122	NAND2x1_ASAP7_75t_R
_nid_1123	NAND2x1_ASAP7_75t_R
_nid_1124	AOI21x1_ASAP7_75t_R
_nid_1125	AO21x1_ASAP7_75t_R
_nid_1128	AO32x1_ASAP7_75t_R
_nid_1129	XOR2x2_ASAP7_75t_R
_nid_1130	OR3x1_ASAP7_75t_R
_nid_1131	INVx1_ASAP7_75t_R
_nid_1132	AND3x1_ASAP7_75t_R
_nid_1133	AO221x2_ASAP7_75t_R
_nid_1134	AO21x1_ASAP7_75t_R
_nid_1135	INVx1_ASAP7_75t_R
_nid_1136	AND2x2_ASAP7_75t_R
_nid_1137	AO21x1_ASAP7_75t_R
_nid_1140	AO32x1_ASAP7_75t_R
_nid_1141	XOR2x2_ASAP7_75t_R
_nid_1142	INVx1_ASAP7_75t_R
_nid_1143	AND3x1_ASAP7_75t_R
_nid_1144	AND2x2_ASAP7_75t_R
_nid_1145	INVx1_ASAP7_75t_R
_nid_1146	INVx1_ASAP7_75t_R
_nid_1147	AO22x1_ASAP7_75t_R
_nid_1148	INVx1_ASAP7_75t_R
_nid_1149	OAI21x1_ASAP7_75t_R
_nid_1150	AND2x2_ASAP7_75t_R
_nid_1151	AO221x2_ASAP7_75t_R
_nid_1152	AO21x1_ASAP7_75t_R
_nid_1153	AO21x1_ASAP7_75t_R
_nid_1154	AND2x2_ASAP7_75t_R
_nid_1155	AO21x1_ASAP7_75t_R
_nid_1156	XOR2x2_ASAP7_75t_R
_nid_1157	AOI21x1_ASAP7_75t_R
_nid_1158	AND3x1_ASAP7_75t_R
_nid_1159	NOR2x1_ASAP7_75t_R
_nid_1160	AND3x1_ASAP7_75t_R
_nid_1161	OR3x1_ASAP7_75t_R
_nid_1162	AND2x2_ASAP7_75t_R
_nid_1163	OR3x1_ASAP7_75t_R
_nid_1164	INVx1_ASAP7_75t_R
_nid_1165	AO21x1_ASAP7_75t_R
_nid_1166	OR4x2_ASAP7_75t_R
_nid_1167	INVx1_ASAP7_75t_R
_nid_1168	NAND2x1_ASAP7_75t_R
_nid_1169	XOR2x2_ASAP7_75t_R
_nid_1170	AO21x1_ASAP7_75t_R
_nid_1171	OA21x2_ASAP7_75t_R
_nid_1172	NAND2x1_ASAP7_75t_R
_nid_1173	NAND2x1_ASAP7_75t_R
_nid_1174	OR3x1_ASAP7_75t_R
_nid_1175	OA21x2_ASAP7_75t_R
_nid_1176	NOR2x1_ASAP7_75t_R
_nid_1177	AOI21x1_ASAP7_75t_R
_nid_1178	AO221x2_ASAP7_75t_R
_nid_1179	NAND2x1_ASAP7_75t_R
_nid_1180	NAND2x1_ASAP7_75t_R
_nid_1181	AOI21x1_ASAP7_75t_R
_nid_1182	AO21x1_ASAP7_75t_R
_nid_1183	XOR2x2_ASAP7_75t_R
_nid_1184	INVx1_ASAP7_75t_R
_nid_1185	AO21x1_ASAP7_75t_R
_nid_1186	NOR2x1_ASAP7_75t_R
_nid_1187	INVx1_ASAP7_75t_R
_nid_1188	AO21x1_ASAP7_75t_R
_nid_1189	NAND2x1_ASAP7_75t_R
_nid_1190	AND3x1_ASAP7_75t_R
_nid_1191	OR3x1_ASAP7_75t_R
_nid_1192	INVx1_ASAP7_75t_R
_nid_1193	OR3x1_ASAP7_75t_R
_nid_1194	NAND2x1_ASAP7_75t_R
_nid_1195	OA211x2_ASAP7_75t_R
_nid_1196	AO32x1_ASAP7_75t_R
_nid_1197	NOR2x1_ASAP7_75t_R
_nid_1198	INVx1_ASAP7_75t_R
_nid_1199	AOI22x1_ASAP7_75t_R
_nid_1200	AND4x2_ASAP7_75t_R
_nid_1201	XNOR2x2_ASAP7_75t_R
_nid_1204	INVx1_ASAP7_75t_R
_nid_1206	AO32x1_ASAP7_75t_R
_nid_1207	AO221x2_ASAP7_75t_R
_nid_1208	NAND2x1_ASAP7_75t_R
_nid_1209	NAND2x1_ASAP7_75t_R
_nid_1210	AOI21x1_ASAP7_75t_R
_nid_1211	AO21x1_ASAP7_75t_R
_nid_1212	XOR2x2_ASAP7_75t_R
_nid_1213	AO221x2_ASAP7_75t_R
_nid_1214	NAND2x1_ASAP7_75t_R
_nid_1215	NAND2x1_ASAP7_75t_R
_nid_1216	AOI21x1_ASAP7_75t_R
_nid_1217	AO21x1_ASAP7_75t_R
_nid_1218	XOR2x2_ASAP7_75t_R
_nid_1219	AO221x2_ASAP7_75t_R
_nid_1220	NAND2x1_ASAP7_75t_R
_nid_1221	NAND2x1_ASAP7_75t_R
_nid_1222	AOI21x1_ASAP7_75t_R
_nid_1223	AO21x1_ASAP7_75t_R
_nid_1224	XOR2x2_ASAP7_75t_R
_nid_1225	AO221x2_ASAP7_75t_R
_nid_1226	NAND2x1_ASAP7_75t_R
_nid_1227	NAND2x1_ASAP7_75t_R
_nid_1228	AOI21x1_ASAP7_75t_R
_nid_1229	AO21x1_ASAP7_75t_R
_nid_1232	AO32x1_ASAP7_75t_R
_nid_1233	XOR2x2_ASAP7_75t_R
_nid_1234	INVx1_ASAP7_75t_R
_nid_1235	OR3x1_ASAP7_75t_R
_nid_1236	INVx1_ASAP7_75t_R
_nid_1237	INVx1_ASAP7_75t_R
_nid_1238	AO221x2_ASAP7_75t_R
_nid_1239	NAND2x1_ASAP7_75t_R
_nid_1240	NAND2x1_ASAP7_75t_R
_nid_1241	AOI21x1_ASAP7_75t_R
_nid_1242	AO21x1_ASAP7_75t_R
_nid_1245	AO32x1_ASAP7_75t_R
_nid_1246	XOR2x2_ASAP7_75t_R
_nid_1247	INVx1_ASAP7_75t_R
_nid_1248	OR3x1_ASAP7_75t_R
_nid_1249	AO221x2_ASAP7_75t_R
_nid_1250	NAND2x1_ASAP7_75t_R
_nid_1251	NAND2x1_ASAP7_75t_R
_nid_1252	AOI21x1_ASAP7_75t_R
_nid_1253	AO21x1_ASAP7_75t_R
_nid_1254	XOR2x2_ASAP7_75t_R
_nid_1255	AO21x1_ASAP7_75t_R
_nid_1256	NAND2x1_ASAP7_75t_R
_nid_1257	NAND2x1_ASAP7_75t_R
_nid_1258	AND2x2_ASAP7_75t_R
_nid_1259	INVx1_ASAP7_75t_R
_nid_1260	AND2x2_ASAP7_75t_R
_nid_1261	NOR2x1_ASAP7_75t_R
_nid_1262	NOR2x1_ASAP7_75t_R
_nid_1263	OR3x1_ASAP7_75t_R
_nid_1264	INVx1_ASAP7_75t_R
_nid_1265	AO21x1_ASAP7_75t_R
_nid_1266	AO22x1_ASAP7_75t_R
_nid_1267	NAND2x1_ASAP7_75t_R
_nid_1268	INVx1_ASAP7_75t_R
_nid_1269	NAND2x1_ASAP7_75t_R
_nid_1270	INVx1_ASAP7_75t_R
_nid_1271	OR3x1_ASAP7_75t_R
_nid_1272	OAI21x1_ASAP7_75t_R
_nid_1273	INVx1_ASAP7_75t_R
_nid_1274	AND3x1_ASAP7_75t_R
_nid_1275	AO21x1_ASAP7_75t_R
_nid_1276	AO32x1_ASAP7_75t_R
_nid_1277	NAND2x1_ASAP7_75t_R
_nid_1278	INVx1_ASAP7_75t_R
_nid_1279	AO21x1_ASAP7_75t_R
_nid_1280	AO21x1_ASAP7_75t_R
_nid_1281	AND3x1_ASAP7_75t_R
_nid_1282	AOI21x1_ASAP7_75t_R
_nid_1283	OR3x1_ASAP7_75t_R
_nid_1284	NAND2x1_ASAP7_75t_R
_nid_1285	NOR2x1_ASAP7_75t_R
_nid_1286	AO32x1_ASAP7_75t_R
_nid_1287	INVx1_ASAP7_75t_R
_nid_1288	INVx1_ASAP7_75t_R
_nid_1289	AO21x1_ASAP7_75t_R
_nid_1290	AO32x1_ASAP7_75t_R
_nid_1291	INVx1_ASAP7_75t_R
_nid_1292	OA211x2_ASAP7_75t_R
_nid_1293	AO21x1_ASAP7_75t_R
_nid_1294	INVx1_ASAP7_75t_R
_nid_1295	OAI21x1_ASAP7_75t_R
_nid_1296	OR3x1_ASAP7_75t_R
_nid_1297	AO21x1_ASAP7_75t_R
_nid_1298	OR3x1_ASAP7_75t_R
_nid_1299	NAND2x1_ASAP7_75t_R
_nid_1300	AO21x1_ASAP7_75t_R
_nid_1301	INVx1_ASAP7_75t_R
_nid_1302	AND3x1_ASAP7_75t_R
_nid_1303	OR4x2_ASAP7_75t_R
_nid_1304	OA211x2_ASAP7_75t_R
_nid_1305	XNOR2x2_ASAP7_75t_R
_nid_1308	INVx1_ASAP7_75t_R
_nid_1310	AO32x1_ASAP7_75t_R
_nid_1311	OA21x2_ASAP7_75t_R
_nid_1312	NOR2x1_ASAP7_75t_R
_nid_1313	OR3x1_ASAP7_75t_R
_nid_1314	AND3x1_ASAP7_75t_R
_nid_1315	OR4x2_ASAP7_75t_R
_nid_1316	INVx1_ASAP7_75t_R
_nid_1317	NAND2x1_ASAP7_75t_R
_nid_1318	AO32x1_ASAP7_75t_R
_nid_1319	AO221x2_ASAP7_75t_R
_nid_1320	AO21x1_ASAP7_75t_R
_nid_1321	XNOR2x2_ASAP7_75t_R
_nid_1323	AO21x1_ASAP7_75t_R
_nid_1324	AO32x1_ASAP7_75t_R
_nid_1325	NAND2x1_ASAP7_75t_R
_nid_1326	INVx1_ASAP7_75t_R
_nid_1327	OR5x1_ASAP7_75t_R
_nid_1328	OR3x1_ASAP7_75t_R
_nid_1329	AND3x1_ASAP7_75t_R
_nid_1330	INVx1_ASAP7_75t_R
_nid_1331	OR3x1_ASAP7_75t_R
_nid_1332	AO21x1_ASAP7_75t_R
_nid_1333	AO32x1_ASAP7_75t_R
_nid_1334	OAI21x1_ASAP7_75t_R
_nid_1335	AND5x1_ASAP7_75t_R
_nid_1337	INVx1_ASAP7_75t_R
_nid_1339	AO32x1_ASAP7_75t_R
_nid_1340	XOR2x2_ASAP7_75t_R
_nid_1343	INVx1_ASAP7_75t_R
_nid_1345	AO32x1_ASAP7_75t_R
_nid_1346	AO221x2_ASAP7_75t_R
_nid_1347	NAND2x1_ASAP7_75t_R
_nid_1348	NAND2x1_ASAP7_75t_R
_nid_1349	AOI21x1_ASAP7_75t_R
_nid_1350	AO21x1_ASAP7_75t_R
_nid_1353	AO32x1_ASAP7_75t_R
_nid_1354	XOR2x2_ASAP7_75t_R
_nid_1355	AO221x2_ASAP7_75t_R
_nid_1356	NAND2x1_ASAP7_75t_R
_nid_1357	NAND2x1_ASAP7_75t_R
_nid_1358	AOI21x1_ASAP7_75t_R
_nid_1359	AO21x1_ASAP7_75t_R
_nid_1362	AO32x1_ASAP7_75t_R
_nid_1363	XOR2x2_ASAP7_75t_R
_nid_1364	INVx1_ASAP7_75t_R
_nid_1365	AO221x2_ASAP7_75t_R
_nid_1366	NAND2x1_ASAP7_75t_R
_nid_1367	NAND2x1_ASAP7_75t_R
_nid_1368	AOI21x1_ASAP7_75t_R
_nid_1369	AO21x1_ASAP7_75t_R
_nid_1370	XOR2x2_ASAP7_75t_R
_nid_1371	NAND2x1_ASAP7_75t_R
_nid_1372	AO221x2_ASAP7_75t_R
_nid_1373	NAND2x1_ASAP7_75t_R
_nid_1374	NAND2x1_ASAP7_75t_R
_nid_1375	AOI21x1_ASAP7_75t_R
_nid_1376	AO21x1_ASAP7_75t_R
_nid_1377	XOR2x2_ASAP7_75t_R
_nid_1378	INVx1_ASAP7_75t_R
_nid_1379	INVx1_ASAP7_75t_R
_nid_1380	OR3x1_ASAP7_75t_R
_nid_1381	OA21x2_ASAP7_75t_R
_nid_1382	NOR2x1_ASAP7_75t_R
_nid_1383	AO221x2_ASAP7_75t_R
_nid_1384	AO21x1_ASAP7_75t_R
_nid_1385	AO22x1_ASAP7_75t_R
_nid_1386	XOR2x2_ASAP7_75t_R
_nid_1387	AND3x1_ASAP7_75t_R
_nid_1388	OR3x1_ASAP7_75t_R
_nid_1389	NOR2x1_ASAP7_75t_R
_nid_1390	INVx1_ASAP7_75t_R
_nid_1391	AND3x1_ASAP7_75t_R
_nid_1392	AOI21x1_ASAP7_75t_R
_nid_1393	AO221x2_ASAP7_75t_R
_nid_1394	NAND2x1_ASAP7_75t_R
_nid_1395	NAND2x1_ASAP7_75t_R
_nid_1396	AOI21x1_ASAP7_75t_R
_nid_1397	AO21x1_ASAP7_75t_R
_nid_1398	XOR2x2_ASAP7_75t_R
_nid_1399	INVx1_ASAP7_75t_R
_nid_1400	NAND2x1_ASAP7_75t_R
_nid_1401	AND3x1_ASAP7_75t_R
_nid_1402	INVx1_ASAP7_75t_R
_nid_1403	OA211x2_ASAP7_75t_R
_nid_1404	OAI21x1_ASAP7_75t_R
_nid_1405	INVx1_ASAP7_75t_R
_nid_1406	AO21x1_ASAP7_75t_R
_nid_1407	AO21x1_ASAP7_75t_R
_nid_1408	NOR2x1_ASAP7_75t_R
_nid_1409	AND2x2_ASAP7_75t_R
_nid_1410	NOR2x1_ASAP7_75t_R
_nid_1411	NOR2x1_ASAP7_75t_R
_nid_1412	NAND2x1_ASAP7_75t_R
_nid_1413	OR3x1_ASAP7_75t_R
_nid_1414	AND3x1_ASAP7_75t_R
_nid_1415	AO32x1_ASAP7_75t_R
_nid_1416	AO21x1_ASAP7_75t_R
_nid_1417	OR3x1_ASAP7_75t_R
_nid_1418	NOR2x1_ASAP7_75t_R
_nid_1419	INVx1_ASAP7_75t_R
_nid_1420	AO21x1_ASAP7_75t_R
_nid_1421	NAND2x1_ASAP7_75t_R
_nid_1422	AO221x2_ASAP7_75t_R
_nid_1423	XNOR2x2_ASAP7_75t_R
_nid_1426	INVx1_ASAP7_75t_R
_nid_1428	AO32x1_ASAP7_75t_R
_nid_1429	OA22x2_ASAP7_75t_R
_nid_1430	NAND2x1_ASAP7_75t_R
_nid_1431	OR3x1_ASAP7_75t_R
_nid_1432	AND3x1_ASAP7_75t_R
_nid_1433	INVx1_ASAP7_75t_R
_nid_1434	AND3x1_ASAP7_75t_R
_nid_1435	AO221x2_ASAP7_75t_R
_nid_1436	AO21x1_ASAP7_75t_R
_nid_1437	AO21x1_ASAP7_75t_R
_nid_1438	NAND2x1_ASAP7_75t_R
_nid_1439	AO221x2_ASAP7_75t_R
_nid_1440	XNOR2x2_ASAP7_75t_R
_nid_1442	AO21x1_ASAP7_75t_R
_nid_1443	AO21x1_ASAP7_75t_R
_nid_1444	AOI21x1_ASAP7_75t_R
_nid_1445	AND3x1_ASAP7_75t_R
_nid_1446	INVx1_ASAP7_75t_R
_nid_1447	INVx1_ASAP7_75t_R
_nid_1448	AO21x1_ASAP7_75t_R
_nid_1449	AO221x2_ASAP7_75t_R
_nid_1450	AOI21x1_ASAP7_75t_R
_nid_1451	OA21x2_ASAP7_75t_R
_nid_1453	INVx1_ASAP7_75t_R
_nid_1455	AO32x1_ASAP7_75t_R
_nid_1456	XOR2x2_ASAP7_75t_R
_nid_1459	INVx1_ASAP7_75t_R
_nid_1461	AO32x1_ASAP7_75t_R
_nid_1462	INVx1_ASAP7_75t_R
_nid_1463	AO32x1_ASAP7_75t_R
_nid_1464	OA21x2_ASAP7_75t_R
_nid_1465	NOR2x1_ASAP7_75t_R
_nid_1466	AO21x1_ASAP7_75t_R
_nid_1467	INVx1_ASAP7_75t_R
_nid_1468	OA211x2_ASAP7_75t_R
_nid_1469	NOR2x1_ASAP7_75t_R
_nid_1470	OA21x2_ASAP7_75t_R
_nid_1471	OR3x1_ASAP7_75t_R
_nid_1472	XNOR2x2_ASAP7_75t_R
_nid_1475	INVx1_ASAP7_75t_R
_nid_1477	AO32x1_ASAP7_75t_R
_nid_1478	NAND2x1_ASAP7_75t_R
_nid_1479	NAND2x1_ASAP7_75t_R
_nid_1480	INVx1_ASAP7_75t_R
_nid_1481	AO21x1_ASAP7_75t_R
_nid_1482	INVx1_ASAP7_75t_R
_nid_1483	NOR2x1_ASAP7_75t_R
_nid_1484	INVx1_ASAP7_75t_R
_nid_1485	OA21x2_ASAP7_75t_R
_nid_1486	AO21x1_ASAP7_75t_R
_nid_1487	AO21x1_ASAP7_75t_R
_nid_1488	OA211x2_ASAP7_75t_R
_nid_1489	NOR2x1_ASAP7_75t_R
_nid_1490	AO221x2_ASAP7_75t_R
_nid_1491	AO21x1_ASAP7_75t_R
_nid_1492	XNOR2x2_ASAP7_75t_R
_nid_1495	INVx1_ASAP7_75t_R
_nid_1497	AO32x1_ASAP7_75t_R
_nid_1498	AND3x1_ASAP7_75t_R
_nid_1499	INVx1_ASAP7_75t_R
_nid_1500	OA21x2_ASAP7_75t_R
_nid_1501	INVx1_ASAP7_75t_R
_nid_1502	NAND2x1_ASAP7_75t_R
_nid_1503	NAND2x1_ASAP7_75t_R
_nid_1504	AO21x1_ASAP7_75t_R
_nid_1505	OA211x2_ASAP7_75t_R
_nid_1506	AOI211x1_ASAP7_75t_R
_nid_1507	AO21x1_ASAP7_75t_R
_nid_1508	OR4x2_ASAP7_75t_R
_nid_1509	AO32x1_ASAP7_75t_R
_nid_1510	OA21x2_ASAP7_75t_R
_nid_1511	XNOR2x2_ASAP7_75t_R
_nid_1514	INVx1_ASAP7_75t_R
_nid_1516	AO32x1_ASAP7_75t_R
_nid_1517	OR2x4_ASAP7_75t_R
_nid_1518	INVx1_ASAP7_75t_R
_nid_1519	OA211x2_ASAP7_75t_R
_nid_1520	INVx1_ASAP7_75t_R
_nid_1521	OR3x1_ASAP7_75t_R
_nid_1522	INVx1_ASAP7_75t_R
_nid_1523	OA21x2_ASAP7_75t_R
_nid_1524	OA21x2_ASAP7_75t_R
_nid_1525	NOR2x1_ASAP7_75t_R
_nid_1526	OA211x2_ASAP7_75t_R
_nid_1527	AO221x2_ASAP7_75t_R
_nid_1528	OR3x1_ASAP7_75t_R
_nid_1529	XNOR2x2_ASAP7_75t_R
_nid_1532	INVx1_ASAP7_75t_R
_nid_1534	AO32x1_ASAP7_75t_R
_nid_1535	OA21x2_ASAP7_75t_R
_nid_1536	INVx1_ASAP7_75t_R
_nid_1537	OR3x1_ASAP7_75t_R
_nid_1538	OAI22x1_ASAP7_75t_R
_nid_1539	AND2x2_ASAP7_75t_R
_nid_1540	OA21x2_ASAP7_75t_R
_nid_1541	OAI21x1_ASAP7_75t_R
_nid_1542	AO32x1_ASAP7_75t_R
_nid_1543	AO21x1_ASAP7_75t_R
_nid_1544	AOI21x1_ASAP7_75t_R
_nid_1545	AND3x1_ASAP7_75t_R
_nid_1546	OA21x2_ASAP7_75t_R
_nid_1547	AO221x2_ASAP7_75t_R
_nid_1548	XNOR2x2_ASAP7_75t_R
_nid_1550	INVx1_ASAP7_75t_R
_nid_1551	OR3x1_ASAP7_75t_R
_nid_1552	OAI21x1_ASAP7_75t_R
_nid_1553	AO32x1_ASAP7_75t_R
_nid_1554	AO21x1_ASAP7_75t_R
_nid_1556	INVx1_ASAP7_75t_R
_nid_1558	AO32x1_ASAP7_75t_R
_nid_1559	XOR2x2_ASAP7_75t_R
_nid_1562	INVx1_ASAP7_75t_R
_nid_1564	AO32x1_ASAP7_75t_R
_nid_1565	AND3x1_ASAP7_75t_R
_nid_1566	AND3x1_ASAP7_75t_R
_nid_1567	OR3x1_ASAP7_75t_R
_nid_1568	AO221x2_ASAP7_75t_R
_nid_1569	AO32x1_ASAP7_75t_R
_nid_1570	AO21x1_ASAP7_75t_R
_nid_1571	NAND2x1_ASAP7_75t_R
_nid_1572	AND3x1_ASAP7_75t_R
_nid_1573	INVx1_ASAP7_75t_R
_nid_1574	INVx1_ASAP7_75t_R
_nid_1575	AND3x1_ASAP7_75t_R
_nid_1576	OR3x1_ASAP7_75t_R
_nid_1577	INVx1_ASAP7_75t_R
_nid_1578	NAND2x1_ASAP7_75t_R
_nid_1579	NOR2x1_ASAP7_75t_R
_nid_1580	INVx1_ASAP7_75t_R
_nid_1581	AND3x1_ASAP7_75t_R
_nid_1582	OR3x1_ASAP7_75t_R
_nid_1583	OA21x2_ASAP7_75t_R
_nid_1584	AND3x1_ASAP7_75t_R
_nid_1585	OA21x2_ASAP7_75t_R
_nid_1586	AND3x1_ASAP7_75t_R
_nid_1587	OA211x2_ASAP7_75t_R
_nid_1588	OR3x1_ASAP7_75t_R
_nid_1589	INVx1_ASAP7_75t_R
_nid_1590	OR5x1_ASAP7_75t_R
_nid_1591	AO21x1_ASAP7_75t_R
_nid_1592	XNOR2x2_ASAP7_75t_R
_nid_1594	AO21x1_ASAP7_75t_R
_nid_1595	AO21x1_ASAP7_75t_R
_nid_1596	INVx1_ASAP7_75t_R
_nid_1597	OA211x2_ASAP7_75t_R
_nid_1598	OR4x2_ASAP7_75t_R
_nid_1599	AOI211x1_ASAP7_75t_R
_nid_1600	AND2x2_ASAP7_75t_R
_nid_1601	AO32x1_ASAP7_75t_R
_nid_1602	INVx1_ASAP7_75t_R
_nid_1603	OA21x2_ASAP7_75t_R
_nid_1605	INVx1_ASAP7_75t_R
_nid_1607	AO32x1_ASAP7_75t_R
_nid_1608	XOR2x2_ASAP7_75t_R
_nid_1610	AND2x2_ASAP7_75t_R
_nid_1611	AO221x2_ASAP7_75t_R
_nid_1613	INVx1_ASAP7_75t_R
_nid_1615	AO32x1_ASAP7_75t_R
_nid_1616	XOR2x2_ASAP7_75t_R
_nid_1618	INVx1_ASAP7_75t_R
_nid_1619	NAND2x1_ASAP7_75t_R
_nid_1620	OA21x2_ASAP7_75t_R
_nid_1621	OA21x2_ASAP7_75t_R
_nid_1622	OA21x2_ASAP7_75t_R
_nid_1623	AO21x1_ASAP7_75t_R
_nid_1624	OA21x2_ASAP7_75t_R
_nid_1625	NAND2x1_ASAP7_75t_R
_nid_1626	OR3x1_ASAP7_75t_R
_nid_1627	OA21x2_ASAP7_75t_R
_nid_1628	OA211x2_ASAP7_75t_R
_nid_1630	INVx1_ASAP7_75t_R
_nid_1632	AO32x1_ASAP7_75t_R
_nid_1633	XOR2x2_ASAP7_75t_R
_nid_1635	NAND2x1_ASAP7_75t_R
_nid_1636	AND3x1_ASAP7_75t_R
_nid_1637	OA211x2_ASAP7_75t_R
_nid_1638	INVx1_ASAP7_75t_R
_nid_1639	AOI211x1_ASAP7_75t_R
_nid_1640	AND3x1_ASAP7_75t_R
_nid_1641	AO21x1_ASAP7_75t_R
_nid_1642	INVx1_ASAP7_75t_R
_nid_1643	OA211x2_ASAP7_75t_R
_nid_1644	AND3x1_ASAP7_75t_R
_nid_1645	AOI211x1_ASAP7_75t_R
_nid_1646	OA21x2_ASAP7_75t_R
_nid_1647	OA21x2_ASAP7_75t_R
_nid_1649	INVx1_ASAP7_75t_R
_nid_1651	AO32x1_ASAP7_75t_R
_nid_1652	XOR2x2_ASAP7_75t_R
_nid_1655	INVx1_ASAP7_75t_R
_nid_1657	AO32x1_ASAP7_75t_R
_nid_1658	INVx1_ASAP7_75t_R
_nid_1659	OA21x2_ASAP7_75t_R
_nid_1660	INVx1_ASAP7_75t_R
_nid_1661	AND3x1_ASAP7_75t_R
_nid_1662	OR3x1_ASAP7_75t_R
_nid_1663	INVx1_ASAP7_75t_R
_nid_1664	AO21x1_ASAP7_75t_R
_nid_1665	OA211x2_ASAP7_75t_R
_nid_1666	INVx1_ASAP7_75t_R
_nid_1667	OA21x2_ASAP7_75t_R
_nid_1668	AO21x1_ASAP7_75t_R
_nid_1669	AO32x1_ASAP7_75t_R
_nid_1670	NAND2x1_ASAP7_75t_R
_nid_1671	OA21x2_ASAP7_75t_R
_nid_1672	AND4x2_ASAP7_75t_R
_nid_1673	OR3x1_ASAP7_75t_R
_nid_1674	XNOR2x2_ASAP7_75t_R
_nid_1676	AND2x2_ASAP7_75t_R
_nid_1677	OR3x1_ASAP7_75t_R
_nid_1678	OA211x2_ASAP7_75t_R
_nid_1679	OR3x1_ASAP7_75t_R
_nid_1680	OAI22x1_ASAP7_75t_R
_nid_1681	AND4x2_ASAP7_75t_R
_nid_1682	AO221x2_ASAP7_75t_R
_nid_1683	AO21x1_ASAP7_75t_R
_nid_1685	INVx1_ASAP7_75t_R
_nid_1687	AO32x1_ASAP7_75t_R
_nid_1688	XOR2x2_ASAP7_75t_R
_nid_1690	AOI221x1_ASAP7_75t_R
_nid_1691	OA21x2_ASAP7_75t_R
_nid_1692	AOI211x1_ASAP7_75t_R
_nid_1693	AO21x1_ASAP7_75t_R
_nid_1694	NAND2x1_ASAP7_75t_R
_nid_1695	AO21x1_ASAP7_75t_R
_nid_1696	OA21x2_ASAP7_75t_R
_nid_1697	OA211x2_ASAP7_75t_R
_nid_1699	INVx1_ASAP7_75t_R
_nid_1701	AO32x1_ASAP7_75t_R
_nid_1702	XOR2x2_ASAP7_75t_R
_nid_1704	AO221x2_ASAP7_75t_R
_nid_1705	NAND2x1_ASAP7_75t_R
_nid_1706	NAND2x1_ASAP7_75t_R
_nid_1707	AOI21x1_ASAP7_75t_R
_nid_1708	AO21x1_ASAP7_75t_R
_nid_1710	AO221x2_ASAP7_75t_R
_nid_1711	NAND2x1_ASAP7_75t_R
_nid_1712	NAND2x1_ASAP7_75t_R
_nid_1713	AOI21x1_ASAP7_75t_R
_nid_1714	AO21x1_ASAP7_75t_R
_nid_1716	AO221x2_ASAP7_75t_R
_nid_1717	NAND2x1_ASAP7_75t_R
_nid_1718	NAND2x1_ASAP7_75t_R
_nid_1719	AOI21x1_ASAP7_75t_R
_nid_1720	AO21x1_ASAP7_75t_R
_nid_1722	AO221x2_ASAP7_75t_R
_nid_1723	NAND2x1_ASAP7_75t_R
_nid_1724	NAND2x1_ASAP7_75t_R
_nid_1725	AOI21x1_ASAP7_75t_R
_nid_1726	AO21x1_ASAP7_75t_R
_nid_1729	AO221x2_ASAP7_75t_R
_nid_1730	NAND2x1_ASAP7_75t_R
_nid_1731	NAND2x1_ASAP7_75t_R
_nid_1732	AOI21x1_ASAP7_75t_R
_nid_1733	AO21x1_ASAP7_75t_R
_nid_1735	AO221x2_ASAP7_75t_R
_nid_1736	NAND2x1_ASAP7_75t_R
_nid_1737	NAND2x1_ASAP7_75t_R
_nid_1738	AOI21x1_ASAP7_75t_R
_nid_1739	AO21x1_ASAP7_75t_R
_nid_1741	AO221x2_ASAP7_75t_R
_nid_1742	NAND2x1_ASAP7_75t_R
_nid_1743	NAND2x1_ASAP7_75t_R
_nid_1744	AOI21x1_ASAP7_75t_R
_nid_1745	AO21x1_ASAP7_75t_R
_nid_1748	AO221x2_ASAP7_75t_R
_nid_1749	NAND2x1_ASAP7_75t_R
_nid_1750	NAND2x1_ASAP7_75t_R
_nid_1751	AOI21x1_ASAP7_75t_R
_nid_1752	AO21x1_ASAP7_75t_R
_nid_1778	AND2x2_ASAP7_75t_R
_nid_1779	INVx1_ASAP7_75t_R
_nid_1780	OA21x2_ASAP7_75t_R
_nid_1783	INVx1_ASAP7_75t_R
_nid_1784	OA21x2_ASAP7_75t_R
_nid_1786	XOR2x2_ASAP7_75t_R
_nid_1799	NOR2x1_ASAP7_75t_R
_nid_1800	NOR2x1_ASAP7_75t_R
_nid_1803	AO21x1_ASAP7_75t_R
_nid_1815	INVx1_ASAP7_75t_R
_nid_1816	AND3x1_ASAP7_75t_R
_nid_1818	INVx1_ASAP7_75t_R
_nid_1820	INVx1_ASAP7_75t_R
_nid_1822	INVx1_ASAP7_75t_R
_nid_1824	INVx1_ASAP7_75t_R
_nid_1826	INVx1_ASAP7_75t_R
_nid_1828	INVx1_ASAP7_75t_R
_nid_1830	INVx1_ASAP7_75t_R
_nid_1832	INVx1_ASAP7_75t_R
_nid_1834	INVx1_ASAP7_75t_R
_nid_1836	INVx1_ASAP7_75t_R
_nid_1838	INVx1_ASAP7_75t_R
_nid_1840	INVx1_ASAP7_75t_R
_nid_1842	INVx1_ASAP7_75t_R
_nid_1844	INVx1_ASAP7_75t_R
_nid_1846	INVx1_ASAP7_75t_R
_nid_1848	INVx1_ASAP7_75t_R
_nid_1850	INVx1_ASAP7_75t_R
_nid_1852	INVx1_ASAP7_75t_R
_nid_1854	INVx1_ASAP7_75t_R
_nid_1856	INVx1_ASAP7_75t_R
_nid_1858	INVx1_ASAP7_75t_R
_nid_1860	INVx1_ASAP7_75t_R
_nid_1862	INVx1_ASAP7_75t_R
_nid_1864	INVx1_ASAP7_75t_R
_nid_1866	INVx1_ASAP7_75t_R
_nid_1868	INVx1_ASAP7_75t_R
_nid_1870	INVx1_ASAP7_75t_R
_nid_1873	INVx1_ASAP7_75t_R
_nid_1876	INVx1_ASAP7_75t_R
_nid_1885	INVx1_ASAP7_75t_R
_nid_1887	INVx1_ASAP7_75t_R
_nid_1889	INVx1_ASAP7_75t_R
